stage_name	observed_idx	hidden_id	lane_id	frame_idx	subheader_idx	hit_idx	debug_ts_8ns	normalized_hit_word	raw_hit_word	ingress_sort_key
dma	0	0	0	0	0	0	40960	000000000000a000	000000000000a000	000000a000_0_     0_     0_     0
dma	1	2	1	0	0	1	40962	000088000000a002	000088000000a002	000000a002_1_     0_     0_     1
dma	2	4	2	0	0	2	40963	0000cc000000a003	0000cc000000a003	000000a003_2_     0_     0_     2
dma	3	8	3	0	0	3	40978	000c8c000000a012	000c8c000000a012	000000a012_3_     0_     0_     3
dma	4	9	0	1	0	0	40979	000cd0000000a013	000cd0000000a013	000000a013_0_     1_     0_     0
dma	5	11	1	1	0	1	40983	0010ec200000a017	0010ec200000a017	000000a017_1_     1_     0_     1
dma	6	13	2	1	0	2	40992	001808000000a020	001808000000a020	000000a020_2_     1_     0_     2
dma	7	14	3	1	0	3	40993	00184c000000a021	00184c000000a021	000000a021_3_     1_     0_     3
dma	8	16	0	2	0	0	40994	001890000000a022	001890000000a022	000000a022_0_     2_     0_     0
dma	9	20	1	2	0	1	40998	001cac200000a026	001cac200000a026	000000a026_1_     2_     0_     1
dma	10	18	2	2	0	2	40995	0018d4000000a023	0018d4000000a023	000000a023_2_     2_     0_     2
dma	11	21	3	2	0	3	40999	001cf0200000a027	001cf0200000a027	000000a027_3_     2_     0_     3
dma	12	24	0	3	0	0	41009	002450000000a031	002450000000a031	000000a031_0_     3_     0_     0
dma	13	25	1	3	0	1	41010	002494000000a032	002494000000a032	000000a032_1_     3_     0_     1
dma	14	28	2	3	0	2	41014	0028b0200000a036	0028b0200000a036	000000a036_2_     3_     0_     2
dma	15	30	3	3	0	3	41018	002ccc400000a03a	002ccc400000a03a	000000a03a_3_     3_     0_     3
dma	16	26	0	4	0	0	41011	0024d8000000a033	0024d8000000a033	000000a033_0_     4_     0_     0
dma	17	29	1	4	0	1	41015	0028f4200000a037	0028f4200000a037	000000a037_1_     4_     0_     1
dma	18	31	2	4	0	2	41024	003010000000a040	003010000000a040	000000a040_2_     4_     0_     2
dma	19	32	3	4	0	3	41025	003054000000a041	003054000000a041	000000a041_3_     4_     0_     3
dma	20	34	0	5	0	0	41026	003098000000a042	003098000000a042	000000a042_0_     5_     0_     0
dma	21	36	1	5	0	1	41027	0030dc000000a043	0030dc000000a043	000000a043_1_     5_     0_     1
dma	22	39	2	5	0	2	41031	0034f8200000a047	0034f8200000a047	000000a047_2_     5_     0_     2
dma	23	41	3	5	0	3	41040	003c14000000a050	003c14000000a050	000000a050_3_     5_     0_     3
dma	24	43	0	6	0	0	41042	003c9c000000a052	003c9c000000a052	000000a052_0_     6_     0_     0
dma	25	47	1	6	0	1	41046	0040b8200000a056	0040b8200000a056	000000a056_1_     6_     0_     1
dma	26	45	2	6	0	2	41043	003ce0000000a053	003ce0000000a053	000000a053_2_     6_     0_     2
dma	27	49	3	6	0	3	41047	0040fc200000a057	0040fc200000a057	000000a057_3_     6_     0_     3
dma	28	53	0	7	0	0	41056	004818000000a060	004818000000a060	000000a060_0_     7_     0_     0
dma	29	56	1	7	0	1	41058	0048a0000000a062	0048a0000000a062	000000a062_1_     7_     0_     1
dma	30	60	2	7	0	2	41062	004cbc200000a066	004cbc200000a066	000000a066_2_     7_     0_     2
dma	31	62	3	7	0	3	41066	0050d8400000a06a	0050d8400000a06a	000000a06a_3_     7_     0_     3
dma	32	63	0	8	0	0	41070	0054f4600000a06e	0054f4600000a06e	000000a06e_0_     8_     0_     0
dma	33	58	1	8	0	1	41059	0048e4000000a063	0048e4000000a063	000000a063_1_     8_     0_     1
dma	34	65	2	8	0	2	41073	005460000000a071	005460000000a071	000000a071_2_     8_     0_     2
dma	35	66	3	8	0	3	41074	0054a4000000a072	0054a4000000a072	000000a072_3_     8_     0_     3
dma	36	70	0	9	0	0	41078	0058c0200000a076	0058c0200000a076	000000a076_0_     9_     0_     0
dma	37	68	1	9	0	1	41075	0054e8000000a073	0054e8000000a073	000000a073_1_     9_     0_     1
dma	38	72	2	9	0	2	41088	006020000000a080	006020000000a080	000000a080_2_     9_     0_     2
dma	39	73	3	9	0	3	41090	0060a8000000a082	0060a8000000a082	000000a082_3_     9_     0_     3
dma	40	77	0	10	0	0	41094	0064c4200000a086	0064c4200000a086	000000a086_0_    10_     0_     0
dma	41	80	1	10	0	1	41098	0068e0400000a08a	0068e0400000a08a	000000a08a_1_    10_     0_     1
dma	42	75	2	10	0	2	41091	0060ec000000a083	0060ec000000a083	000000a083_2_    10_     0_     2
dma	43	79	3	10	0	3	41095	006508200000a087	006508200000a087	000000a087_3_    10_     0_     3
dma	44	81	0	11	0	0	41105	006c68000000a091	006c68000000a091	000000a091_0_    11_     0_     0
dma	45	85	1	11	0	1	41109	007084200000a095	007084200000a095	000000a095_1_    11_     0_     1
dma	46	87	2	11	0	2	41121	00786c000000a0a1	00786c000000a0a1	000000a0a1_2_    11_     0_     2
dma	47	89	3	11	0	3	41123	0078f4000000a0a3	0078f4000000a0a3	000000a0a3_3_    11_     0_     3
dma	48	92	0	12	0	0	41137	008470000000a0b1	008470000000a0b1	000000a0b1_0_    12_     0_     0
dma	49	97	1	12	0	1	41141	00888c200000a0b5	00888c200000a0b5	000000a0b5_1_    12_     0_     1
dma	50	93	2	12	0	2	41138	0084b4000000a0b2	0084b4000000a0b2	000000a0b2_2_    12_     0_     2
dma	51	98	3	12	0	3	41142	0088d0200000a0b6	0088d0200000a0b6	000000a0b6_3_    12_     0_     3
dma	52	100	0	13	0	0	41146	008cec400000a0ba	008cec400000a0ba	000000a0ba_0_    13_     0_     0
dma	53	102	1	13	0	1	41150	009108600000a0be	009108600000a0be	000000a0be_1_    13_     0_     1
dma	54	95	2	13	0	2	41139	0084f8000000a0b3	0084f8000000a0b3	000000a0b3_2_    13_     0_     2
dma	55	104	3	13	0	3	41153	009074000000a0c1	009074000000a0c1	000000a0c1_3_    13_     0_     3
dma	56	105	0	14	0	0	41154	0090b8000000a0c2	0090b8000000a0c2	000000a0c2_0_    14_     0_     0
dma	57	106	1	14	0	1	41155	0090fc000000a0c3	0090fc000000a0c3	000000a0c3_1_    14_     0_     1
dma	58	108	2	14	0	2	41159	009518200000a0c7	009518200000a0c7	000000a0c7_2_    14_     0_     2
dma	59	110	3	14	0	3	41163	009934400000a0cb	009934400000a0cb	000000a0cb_3_    14_     0_     3
dma	60	111	0	15	0	0	41169	009c78000000a0d1	009c78000000a0d1	000000a0d1_0_    15_     0_     0
dma	61	113	1	15	0	1	41171	009d00000000a0d3	009d00000000a0d3	000000a0d3_1_    15_     0_     1
dma	62	114	2	15	0	2	41175	00a11c200000a0d7	00a11c200000a0d7	000000a0d7_2_    15_     0_     2
dma	63	115	3	15	0	3	41179	00a538400000a0db	00a538400000a0db	000000a0db_3_    15_     0_     3
dma	64	116	0	16	0	0	41185	00a87c000000a0e1	00a87c000000a0e1	000000a0e1_0_    16_     0_     0
dma	65	119	1	16	0	1	41187	00a904000000a0e3	00a904000000a0e3	000000a0e3_1_    16_     0_     1
dma	66	123	2	16	0	2	41200	00b43c000000a0f0	00b43c000000a0f0	000000a0f0_2_    16_     0_     2
dma	67	125	3	16	0	3	41201	00b480000000a0f1	00b480000000a0f1	000000a0f1_3_    16_     0_     3
dma	68	130	0	17	0	0	41205	00b89c200000a0f5	00b89c200000a0f5	000000a0f5_0_    17_     0_     0
dma	69	133	1	17	0	1	41209	00bcb8400000a0f9	00bcb8400000a0f9	000000a0f9_1_    17_     0_     1
dma	70	128	2	17	0	2	41203	00b508000000a0f3	00b508000000a0f3	000000a0f3_2_    17_     0_     2
dma	71	135	3	17	0	3	41217	00c084000000a101	00c084000000a101	000000a101_3_    17_     0_     3
dma	72	138	0	18	0	0	41219	00c10c000000a103	00c10c000000a103	000000a103_0_    18_     0_     0
dma	73	140	1	18	0	1	41223	00c528200000a107	00c528200000a107	000000a107_1_    18_     0_     1
dma	74	142	2	18	0	2	41227	00c944400000a10b	00c944400000a10b	000000a10b_2_    18_     0_     2
dma	75	145	3	18	0	3	41235	00cd10000000a113	00cd10000000a113	000000a113_3_    18_     0_     3
dma	76	146	0	19	0	0	41239	00d12c200000a117	00d12c200000a117	000000a117_0_    19_     0_     0
dma	77	147	1	19	0	1	41248	00d848000000a120	00d848000000a120	000000a120_1_    19_     0_     1
dma	78	149	2	19	0	2	41251	00d914000000a123	00d914000000a123	000000a123_2_    19_     0_     2
dma	79	151	3	19	0	3	41255	00dd30200000a127	00dd30200000a127	000000a127_3_    19_     0_     3
dma	80	155	0	20	0	0	41264	00e44c000000a130	00e44c000000a130	000000a130_0_    20_     0_     0
dma	81	157	1	20	0	1	41265	00e490000000a131	00e490000000a131	000000a131_1_    20_     0_     1
dma	82	158	2	20	0	2	41266	00e4d4000000a132	00e4d4000000a132	000000a132_2_    20_     0_     2
dma	83	160	3	20	0	3	41270	00e8f0200000a136	00e8f0200000a136	000000a136_3_    20_     0_     3
dma	84	162	0	21	0	0	41281	00f094000000a141	00f094000000a141	000000a141_0_    21_     0_     0
dma	85	163	1	21	0	1	41282	00f0d8000000a142	00f0d8000000a142	000000a142_1_    21_     0_     1
dma	86	167	2	21	0	2	41286	00f4f4200000a146	00f4f4200000a146	000000a146_2_    21_     0_     2
dma	87	165	3	21	0	3	41283	00f11c000000a143	00f11c000000a143	000000a143_3_    21_     0_     3
dma	88	169	0	22	0	0	41287	00f538200000a147	00f538200000a147	000000a147_0_    22_     0_     0
dma	89	172	1	22	0	1	41291	00f954400000a14b	00f954400000a14b	000000a14b_1_    22_     0_     1
dma	90	173	2	22	0	2	41296	00fc54000000a150	00fc54000000a150	000000a150_2_    22_     0_     2
dma	91	178	3	22	0	3	41300	010070200000a154	010070200000a154	000000a154_3_    22_     0_     3
dma	92	175	0	23	0	0	41297	00fc98000000a151	00fc98000000a151	000000a151_0_    23_     0_     0
dma	93	179	1	23	0	1	41301	0100b4200000a155	0100b4200000a155	000000a155_1_    23_     0_     1
dma	94	176	2	23	0	2	41298	00fcdc000000a152	00fcdc000000a152	000000a152_2_    23_     0_     2
dma	95	180	3	23	0	3	41302	0100f8200000a156	0100f8200000a156	000000a156_3_    23_     0_     3
dma	96	177	0	24	0	0	41299	00fd20000000a153	00fd20000000a153	000000a153_0_    24_     0_     0
dma	97	181	1	24	0	1	41303	01013c200000a157	01013c200000a157	000000a157_1_    24_     0_     1
dma	98	182	2	24	0	2	41307	010558400000a15b	010558400000a15b	000000a15b_2_    24_     0_     2
dma	99	183	3	24	0	3	41312	010858000000a160	010858000000a160	000000a160_3_    24_     0_     3
dma	100	185	0	25	0	0	41313	01089c000000a161	01089c000000a161	000000a161_0_    25_     0_     0
dma	101	186	1	25	0	1	41314	0108e0000000a162	0108e0000000a162	000000a162_1_    25_     0_     1
dma	102	188	2	25	0	2	41315	010924000000a163	010924000000a163	000000a163_2_    25_     0_     2
dma	103	191	3	25	0	3	41329	0114a0000000a171	0114a0000000a171	000000a171_3_    25_     0_     3
dma	104	193	0	26	0	0	41330	0114e4000000a172	0114e4000000a172	000000a172_0_    26_     0_     0
dma	105	195	1	26	0	1	41331	011528000000a173	011528000000a173	000000a173_1_    26_     0_     1
dma	106	201	2	26	0	2	41347	01212c000000a183	01212c000000a183	000000a183_2_    26_     0_     2
dma	107	202	3	26	0	3	41360	012c64000000a190	012c64000000a190	000000a190_3_    26_     0_     3
dma	108	204	0	27	0	0	41362	012cec000000a192	012cec000000a192	000000a192_0_    27_     0_     0
dma	109	206	1	27	0	1	41366	013108200000a196	013108200000a196	000000a196_1_    27_     0_     1
dma	110	207	2	27	0	2	41376	013868000000a1a0	013868000000a1a0	000000a1a0_2_    27_     0_     2
dma	111	209	3	27	0	3	41379	013934000000a1a3	013934000000a1a3	000000a1a3_3_    27_     0_     3
dma	112	210	0	28	0	0	41383	013d50200000a1a7	013d50200000a1a7	000000a1a7_0_    28_     0_     0
dma	113	211	1	28	0	1	41387	01416c400000a1ab	01416c400000a1ab	000000a1ab_1_    28_     0_     1
dma	114	212	2	28	0	2	41391	014588600000a1af	014588600000a1af	000000a1af_2_    28_     0_     2
dma	115	213	3	28	0	3	41392	01446c000000a1b0	01446c000000a1b0	000000a1b0_3_    28_     0_     3
dma	116	214	0	29	0	0	41393	0144b0000000a1b1	0144b0000000a1b1	000000a1b1_0_    29_     0_     0
dma	117	215	1	29	0	1	41395	014538000000a1b3	014538000000a1b3	000000a1b3_1_    29_     0_     1
dma	118	220	2	29	0	2	41410	0150f8000000a1c2	0150f8000000a1c2	000000a1c2_2_    29_     0_     2
dma	119	222	3	29	0	3	41411	01513c000000a1c3	01513c000000a1c3	000000a1c3_3_    29_     0_     3
dma	120	224	0	30	0	0	41425	015cb8000000a1d1	015cb8000000a1d1	000000a1d1_0_    30_     0_     0
dma	121	228	1	30	0	1	41429	0160d4200000a1d5	0160d4200000a1d5	000000a1d5_1_    30_     0_     1
dma	122	226	2	30	0	2	41427	015d40000000a1d3	015d40000000a1d3	000000a1d3_2_    30_     0_     2
dma	123	230	3	30	0	3	41431	01615c200000a1d7	01615c200000a1d7	000000a1d7_3_    30_     0_     3
dma	124	232	0	31	0	0	41440	016878000000a1e0	016878000000a1e0	000000a1e0_0_    31_     0_     0
dma	125	239	1	31	0	1	41444	016c94200000a1e4	016c94200000a1e4	000000a1e4_1_    31_     0_     1
dma	126	233	2	31	0	2	41441	0168bc000000a1e1	0168bc000000a1e1	000000a1e1_2_    31_     0_     2
dma	127	240	3	31	0	3	41445	016cd8200000a1e5	016cd8200000a1e5	000000a1e5_3_    31_     0_     3
dma	128	235	0	32	0	0	41442	016900000000a1e2	016900000000a1e2	000000a1e2_0_    32_     0_     0
dma	129	241	1	32	0	1	41446	016d1c200000a1e6	016d1c200000a1e6	000000a1e6_1_    32_     0_     1
dma	130	237	2	32	0	2	41443	016944000000a1e3	016944000000a1e3	000000a1e3_2_    32_     0_     2
dma	131	243	3	32	0	3	41456	01747c000000a1f0	01747c000000a1f0	000000a1f0_3_    32_     0_     3
dma	132	249	0	33	0	0	41460	017898200000a1f4	017898200000a1f4	000000a1f4_0_    33_     0_     0
dma	133	244	1	33	0	1	41457	0174c0000000a1f1	0174c0000000a1f1	000000a1f1_1_    33_     0_     1
dma	134	250	2	33	0	2	41461	0178dc200000a1f5	0178dc200000a1f5	000000a1f5_2_    33_     0_     2
dma	135	245	3	33	0	3	41458	017504000000a1f2	017504000000a1f2	000000a1f2_3_    33_     0_     3
dma	136	251	0	34	0	0	41462	017920200000a1f6	017920200000a1f6	000000a1f6_0_    34_     0_     0
dma	137	252	1	34	0	1	41466	017d3c400000a1fa	017d3c400000a1fa	000000a1fa_1_    34_     0_     1
dma	138	253	2	34	0	2	41470	018158600000a1fe	018158600000a1fe	000000a1fe_2_    34_     0_     2
dma	139	247	3	34	0	3	41459	017548000000a1f3	017548000000a1f3	000000a1f3_3_    34_     0_     3
dma	140	254	0	35	0	0	41473	0180c4000000a201	0180c4000000a201	000000a201_0_    35_     0_     0
dma	141	256	1	35	0	1	41474	018108000000a202	018108000000a202	000000a202_1_    35_     0_     1
dma	142	259	2	35	0	2	41478	018524200000a206	018524200000a206	000000a206_2_    35_     0_     2
dma	143	257	3	35	0	3	41475	01814c000000a203	01814c000000a203	000000a203_3_    35_     0_     3
dma	144	261	0	36	0	0	41490	018d0c000000a212	018d0c000000a212	000000a212_0_    36_     0_     0
dma	145	264	1	36	0	1	41494	019128200000a216	019128200000a216	000000a216_1_    36_     0_     1
dma	146	266	2	36	0	2	41498	019544400000a21a	019544400000a21a	000000a21a_2_    36_     0_     2
dma	147	262	3	36	0	3	41491	018d50000000a213	018d50000000a213	000000a213_3_    36_     0_     3
dma	148	268	0	37	0	0	41505	0198cc000000a221	0198cc000000a221	000000a221_0_    37_     0_     0
dma	149	273	1	37	0	1	41509	019ce8200000a225	019ce8200000a225	000000a225_1_    37_     0_     1
dma	150	270	2	37	0	2	41506	019910000000a222	019910000000a222	000000a222_2_    37_     0_     2
dma	151	275	3	37	0	3	41510	019d2c200000a226	019d2c200000a226	000000a226_3_    37_     0_     3
dma	152	271	0	38	0	0	41507	019954000000a223	019954000000a223	000000a223_0_    38_     0_     0
dma	153	276	1	38	0	1	41520	01a48c000000a230	01a48c000000a230	000000a230_1_    38_     0_     1
dma	154	277	2	38	0	2	41521	01a4d0000000a231	01a4d0000000a231	000000a231_2_    38_     0_     2
dma	155	278	3	38	0	3	41522	01a514000000a232	01a514000000a232	000000a232_3_    38_     0_     3
dma	156	280	0	39	0	0	41523	01a558000000a233	01a558000000a233	000000a233_0_    39_     0_     0
dma	157	282	1	39	0	1	41527	01a974200000a237	01a974200000a237	000000a237_1_    39_     0_     1
dma	158	284	2	39	0	2	41536	01b090000000a240	01b090000000a240	000000a240_2_    39_     0_     2
dma	159	285	3	39	0	3	41537	01b0d4000000a241	01b0d4000000a241	000000a241_3_    39_     0_     3
dma	160	290	0	40	0	0	41541	01b4f0200000a245	01b4f0200000a245	000000a245_0_    40_     0_     0
dma	161	294	1	40	0	1	41545	01b90c400000a249	01b90c400000a249	000000a249_1_    40_     0_     1
dma	162	297	2	40	0	2	41549	01bd28600000a24d	01bd28600000a24d	000000a24d_2_    40_     0_     2
dma	163	287	3	40	0	3	41538	01b118000000a242	01b118000000a242	000000a242_3_    40_     0_     3
dma	164	291	0	41	0	0	41542	01b534200000a246	01b534200000a246	000000a246_0_    41_     0_     0
dma	165	295	1	41	0	1	41546	01b950400000a24a	01b950400000a24a	000000a24a_1_    41_     0_     1
dma	166	298	2	41	0	2	41554	01bd1c000000a252	01bd1c000000a252	000000a252_2_    41_     0_     2
dma	167	300	3	41	0	3	41555	01bd60000000a253	01bd60000000a253	000000a253_3_    41_     0_     3
dma	168	303	0	42	0	0	41559	01c17c200000a257	01c17c200000a257	000000a257_0_    42_     0_     0
dma	169	305	1	42	0	1	41563	01c598400000a25b	01c598400000a25b	000000a25b_1_    42_     0_     1
dma	170	308	2	42	0	2	41570	01c920000000a262	01c920000000a262	000000a262_2_    42_     0_     2
dma	171	310	3	42	0	3	41571	01c964000000a263	01c964000000a263	000000a263_3_    42_     0_     3
dma	172	312	0	43	0	0	41575	01cd80200000a267	01cd80200000a267	000000a267_0_    43_     0_     0
dma	173	316	1	43	0	1	41586	01d524000000a272	01d524000000a272	000000a272_1_    43_     0_     1
dma	174	318	2	43	0	2	41587	01d568000000a273	01d568000000a273	000000a273_2_    43_     0_     2
dma	175	325	3	43	0	3	41600	01e0a0000000a280	01e0a0000000a280	000000a280_3_    43_     0_     3
dma	176	326	0	44	0	0	41601	01e0e4000000a281	01e0e4000000a281	000000a281_0_    44_     0_     0
dma	177	332	1	44	0	1	41605	01e500200000a285	01e500200000a285	000000a285_1_    44_     0_     1
dma	178	335	2	44	0	2	41609	01e91c400000a289	01e91c400000a289	000000a289_2_    44_     0_     2
dma	179	337	3	44	0	3	41613	01ed38600000a28d	01ed38600000a28d	000000a28d_3_    44_     0_     3
dma	180	328	0	45	0	0	41602	01e128000000a282	01e128000000a282	000000a282_0_    45_     0_     0
dma	181	330	1	45	0	1	41603	01e16c000000a283	01e16c000000a283	000000a283_1_    45_     0_     1
dma	182	333	2	45	0	2	41607	01e588200000a287	01e588200000a287	000000a287_2_    45_     0_     2
dma	183	338	3	45	0	3	41617	01ece8000000a291	01ece8000000a291	000000a291_3_    45_     0_     3
dma	184	339	0	46	0	0	41618	01ed2c000000a292	01ed2c000000a292	000000a292_0_    46_     0_     0
dma	185	343	1	46	0	1	41622	01f148200000a296	01f148200000a296	000000a296_1_    46_     0_     1
dma	186	346	2	46	0	2	41626	01f564400000a29a	01f564400000a29a	000000a29a_2_    46_     0_     2
dma	187	341	3	46	0	3	41619	01ed70000000a293	01ed70000000a293	000000a293_3_    46_     0_     3
dma	188	344	0	47	0	0	41623	01f18c200000a297	01f18c200000a297	000000a297_0_    47_     0_     0
dma	189	349	1	47	0	1	41632	01f8a8000000a2a0	01f8a8000000a2a0	000000a2a0_1_    47_     0_     1
dma	190	351	2	47	0	2	41633	01f8ec000000a2a1	01f8ec000000a2a1	000000a2a1_2_    47_     0_     2
dma	191	353	3	47	0	3	41635	01f974000000a2a3	01f974000000a2a3	000000a2a3_3_    47_     0_     3
dma	192	355	0	48	0	0	41639	01fd90200000a2a7	01fd90200000a2a7	000000a2a7_0_    48_     0_     0
dma	193	356	1	48	0	1	41643	0201ac400000a2ab	0201ac400000a2ab	000000a2ab_1_    48_     0_     1
dma	194	357	2	48	0	2	41648	0204ac000000a2b0	0204ac000000a2b0	000000a2b0_2_    48_     0_     2
dma	195	359	3	48	0	3	41650	020534000000a2b2	020534000000a2b2	000000a2b2_3_    48_     0_     3
dma	196	360	0	49	0	0	41651	020578000000a2b3	020578000000a2b3	000000a2b3_0_    49_     0_     0
dma	197	362	1	49	0	1	41655	020994200000a2b7	020994200000a2b7	000000a2b7_1_    49_     0_     1
dma	198	364	2	49	0	2	41666	021138000000a2c2	021138000000a2c2	000000a2c2_2_    49_     0_     2
dma	199	368	3	49	0	3	41682	021d3c000000a2d2	021d3c000000a2d2	000000a2d2_3_    49_     0_     3
dma	200	370	0	50	0	0	41683	021d80000000a2d3	021d80000000a2d3	000000a2d3_0_    50_     0_     0
dma	201	371	1	50	0	1	41687	02219c200000a2d7	02219c200000a2d7	000000a2d7_1_    50_     0_     1
dma	202	372	2	50	0	2	41698	022940000000a2e2	022940000000a2e2	000000a2e2_2_    50_     0_     2
dma	203	376	3	50	0	3	41702	022d5c200000a2e6	022d5c200000a2e6	000000a2e6_3_    50_     0_     3
dma	204	379	0	51	0	0	41706	023178400000a2ea	023178400000a2ea	000000a2ea_0_    51_     0_     0
dma	205	374	1	51	0	1	41699	022984000000a2e3	022984000000a2e3	000000a2e3_1_    51_     0_     1
dma	206	381	2	51	0	2	41714	023544000000a2f2	023544000000a2f2	000000a2f2_2_    51_     0_     2
dma	207	388	3	51	0	3	41728	0240c0000000a300	0240c0000000a300	000000a300_3_    51_     0_     3
dma	208	389	0	52	0	0	41730	024148000000a302	024148000000a302	000000a302_0_    52_     0_     0
dma	209	391	1	52	0	1	41731	02418c000000a303	02418c000000a303	000000a303_1_    52_     0_     1
dma	210	393	2	52	0	2	41735	0245a8200000a307	0245a8200000a307	000000a307_2_    52_     0_     2
dma	211	394	3	52	0	3	41739	0249c4400000a30b	0249c4400000a30b	000000a30b_3_    52_     0_     3
dma	212	395	0	53	0	0	41744	024cc4000000a310	024cc4000000a310	000000a310_0_    53_     0_     0
dma	213	397	1	53	0	1	41745	024d08000000a311	024d08000000a311	000000a311_1_    53_     0_     1
dma	214	398	2	53	0	2	41747	024d90000000a313	024d90000000a313	000000a313_2_    53_     0_     2
dma	215	400	3	53	0	3	41751	0251ac200000a317	0251ac200000a317	000000a317_3_    53_     0_     3
dma	216	407	0	54	0	0	41777	026510000000a331	026510000000a331	000000a331_0_    54_     0_     0
dma	217	411	1	54	0	1	41781	02692c200000a335	02692c200000a335	000000a335_1_    54_     0_     1
dma	218	409	2	54	0	2	41779	026598000000a333	026598000000a333	000000a333_2_    54_     0_     2
dma	219	417	3	54	0	3	41794	027158000000a342	027158000000a342	000000a342_3_    54_     0_     3
dma	220	418	0	55	0	0	41795	02719c000000a343	02719c000000a343	000000a343_0_    55_     0_     0
dma	221	420	1	55	0	1	41799	0275b8200000a347	0275b8200000a347	000000a347_1_    55_     0_     1
dma	222	423	2	55	0	2	41808	027cd4000000a350	027cd4000000a350	000000a350_2_    55_     0_     2
dma	223	424	3	55	0	3	41809	027d18000000a351	027d18000000a351	000000a351_3_    55_     0_     3
dma	224	426	0	56	0	0	41825	02891c000000a361	02891c000000a361	000000a361_0_    56_     0_     0
dma	225	429	1	56	0	1	41829	028d38200000a365	028d38200000a365	000000a365_1_    56_     0_     1
dma	226	431	2	56	0	2	41833	029154400000a369	029154400000a369	000000a369_2_    56_     0_     2
dma	227	433	3	56	0	3	41840	0294dc000000a370	0294dc000000a370	000000a370_3_    56_     0_     3
dma	228	434	0	57	0	0	41841	029520000000a371	029520000000a371	000000a371_0_    57_     0_     0
dma	229	440	1	57	0	1	41845	02993c200000a375	02993c200000a375	000000a375_1_    57_     0_     1
dma	230	436	2	57	0	2	41842	029564000000a372	029564000000a372	000000a372_2_    57_     0_     2
dma	231	438	3	57	0	3	41843	0295a8000000a373	0295a8000000a373	000000a373_3_    57_     0_     3
dma	232	442	0	58	0	0	41847	0299c4200000a377	0299c4200000a377	000000a377_0_    58_     0_     0
dma	233	444	1	58	0	1	41851	029de0400000a37b	029de0400000a37b	000000a37b_1_    58_     0_     1
dma	234	446	2	58	0	2	41855	02a1fc600000a37f	02a1fc600000a37f	000000a37f_2_    58_     0_     2
dma	235	448	3	58	0	3	41859	02a1ac000000a383	02a1ac000000a383	000000a383_3_    58_     0_     3
dma	236	449	0	59	0	0	41872	02ace4000000a390	02ace4000000a390	000000a390_0_    59_     0_     0
dma	237	450	1	59	0	1	41873	02ad28000000a391	02ad28000000a391	000000a391_1_    59_     0_     1
dma	238	455	2	59	0	2	41877	02b144200000a395	02b144200000a395	000000a395_2_    59_     0_     2
dma	239	452	3	59	0	3	41874	02ad6c000000a392	02ad6c000000a392	000000a392_3_    59_     0_     3
dma	240	453	0	60	0	0	41875	02adb0000000a393	02adb0000000a393	000000a393_0_    60_     0_     0
dma	241	456	1	60	0	1	41889	02b92c000000a3a1	02b92c000000a3a1	000000a3a1_1_    60_     0_     1
dma	242	457	2	60	0	2	41890	02b970000000a3a2	02b970000000a3a2	000000a3a2_2_    60_     0_     2
dma	243	461	3	60	0	3	41894	02bd8c200000a3a6	02bd8c200000a3a6	000000a3a6_3_    60_     0_     3
dma	244	459	0	61	0	0	41891	02b9b4000000a3a3	02b9b4000000a3a3	000000a3a3_0_    61_     0_     0
dma	245	463	1	61	0	1	41895	02bdd0200000a3a7	02bdd0200000a3a7	000000a3a7_1_    61_     0_     1
dma	246	465	2	61	0	2	41899	02c1ec400000a3ab	02c1ec400000a3ab	000000a3ab_2_    61_     0_     2
dma	247	469	3	61	0	3	41907	02c5b8000000a3b3	02c5b8000000a3b3	000000a3b3_3_    61_     0_     3
dma	248	472	0	62	0	0	41911	02c9d4200000a3b7	02c9d4200000a3b7	000000a3b7_0_    62_     0_     0
dma	249	474	1	62	0	1	41920	02d0f0000000a3c0	02d0f0000000a3c0	000000a3c0_1_    62_     0_     1
dma	250	479	2	62	0	2	41924	02d50c200000a3c4	02d50c200000a3c4	000000a3c4_2_    62_     0_     2
dma	251	476	3	62	0	3	41922	02d178000000a3c2	02d178000000a3c2	000000a3c2_3_    62_     0_     3
dma	252	477	0	63	0	0	41923	02d1bc000000a3c3	02d1bc000000a3c3	000000a3c3_0_    63_     0_     0
dma	253	481	1	63	0	1	41938	02dd7c000000a3d2	02dd7c000000a3d2	000000a3d2_1_    63_     0_     1
dma	254	484	2	63	0	2	41942	02e198200000a3d6	02e198200000a3d6	000000a3d6_2_    63_     0_     2
dma	255	482	3	63	0	3	41939	02ddc0000000a3d3	02ddc0000000a3d3	000000a3d3_3_    63_     0_     3
dma	256	489	0	64	0	0	41954	02e980000000a3e2	02e980000000a3e2	000000a3e2_0_    64_     0_     0
dma	257	494	1	64	0	1	41958	02ed9c200000a3e6	02ed9c200000a3e6	000000a3e6_1_    64_     0_     1
dma	258	491	2	64	0	2	41955	02e9c4000000a3e3	02e9c4000000a3e3	000000a3e3_2_    64_     0_     2
dma	259	495	3	64	0	3	41959	02ede0200000a3e7	02ede0200000a3e7	000000a3e7_3_    64_     0_     3
dma	260	498	0	65	0	0	41969	02f540000000a3f1	02f540000000a3f1	000000a3f1_0_    65_     0_     0
dma	261	502	1	65	0	1	41973	02f95c200000a3f5	02f95c200000a3f5	000000a3f5_1_    65_     0_     1
dma	262	500	2	65	0	2	41971	02f5c8000000a3f3	02f5c8000000a3f3	000000a3f3_2_    65_     0_     2
dma	263	503	3	65	0	3	41984	030100000000a400	030100000000a400	000000a400_3_    65_     0_     3
dma	264	504	0	66	0	0	41985	030144000000a401	030144000000a401	000000a401_0_    66_     0_     0
dma	265	508	1	66	0	1	41989	030560200000a405	030560200000a405	000000a405_1_    66_     0_     1
dma	266	505	2	66	0	2	41986	030188000000a402	030188000000a402	000000a402_2_    66_     0_     2
dma	267	509	3	66	0	3	41990	0305a4200000a406	0305a4200000a406	000000a406_3_    66_     0_     3
dma	268	513	0	67	0	0	42000	030d04000000a410	030d04000000a410	000000a410_0_    67_     0_     0
dma	269	514	1	67	0	1	42002	030d8c000000a412	030d8c000000a412	000000a412_1_    67_     0_     1
dma	270	517	2	67	0	2	42016	031908000000a420	031908000000a420	000000a420_2_    67_     0_     2
dma	271	518	3	67	0	3	42018	031990000000a422	031990000000a422	000000a422_3_    67_     0_     3
dma	272	520	0	68	0	0	42019	0319d4000000a423	0319d4000000a423	000000a423_0_    68_     0_     0
dma	273	521	1	68	0	1	42023	031df0200000a427	031df0200000a427	000000a427_1_    68_     0_     1
dma	274	522	2	68	0	2	42027	03220c400000a42b	03220c400000a42b	000000a42b_2_    68_     0_     2
dma	275	523	3	68	0	3	42032	03250c000000a430	03250c000000a430	000000a430_3_    68_     0_     3
dma	276	525	0	69	0	0	42033	032550000000a431	032550000000a431	000000a431_0_    69_     0_     0
dma	277	528	1	69	0	1	42035	0325d8000000a433	0325d8000000a433	000000a433_1_    69_     0_     1
dma	278	531	2	69	0	2	42039	0329f4200000a437	0329f4200000a437	000000a437_2_    69_     0_     2
dma	279	535	3	69	0	3	42049	033154000000a441	033154000000a441	000000a441_3_    69_     0_     3
dma	280	538	0	70	0	0	42051	0331dc000000a443	0331dc000000a443	000000a443_0_    70_     0_     0
dma	281	542	1	70	0	1	42055	0335f8200000a447	0335f8200000a447	000000a447_1_    70_     0_     1
dma	282	543	2	70	0	2	42059	033a14400000a44b	033a14400000a44b	000000a44b_2_    70_     0_     2
dma	283	546	3	70	0	3	42080	034918000000a460	034918000000a460	000000a460_3_    70_     0_     3
dma	284	547	0	71	0	0	42081	03495c000000a461	03495c000000a461	000000a461_0_    71_     0_     0
dma	285	549	1	71	0	1	42082	0349a0000000a462	0349a0000000a462	000000a462_1_    71_     0_     1
dma	286	551	2	71	0	2	42083	0349e4000000a463	0349e4000000a463	000000a463_2_    71_     0_     2
dma	287	555	3	71	0	3	42097	035560000000a471	035560000000a471	000000a471_3_    71_     0_     3
dma	288	556	0	72	0	0	42098	0355a4000000a472	0355a4000000a472	000000a472_0_    72_     0_     0
dma	289	558	1	72	0	1	42099	0355e8000000a473	0355e8000000a473	000000a473_1_    72_     0_     1
dma	290	561	2	72	0	2	42115	0361ec000000a483	0361ec000000a483	000000a483_2_    72_     0_     2
dma	291	563	3	72	0	3	42119	036608200000a487	036608200000a487	000000a487_3_    72_     0_     3
dma	292	568	0	73	0	0	42130	036dac000000a492	036dac000000a492	000000a492_0_    73_     0_     0
dma	293	570	1	73	0	1	42131	036df0000000a493	036df0000000a493	000000a493_1_    73_     0_     1
dma	294	573	2	73	0	2	42135	03720c200000a497	03720c200000a497	000000a497_2_    73_     0_     2
dma	295	574	3	73	0	3	42139	037628400000a49b	037628400000a49b	000000a49b_3_    73_     0_     3
dma	296	575	0	74	0	0	42145	03796c000000a4a1	03796c000000a4a1	000000a4a1_0_    74_     0_     0
dma	297	577	1	74	0	1	42146	0379b0000000a4a2	0379b0000000a4a2	000000a4a2_1_    74_     0_     1
dma	298	580	2	74	0	2	42150	037dcc200000a4a6	037dcc200000a4a6	000000a4a6_2_    74_     0_     2
dma	299	578	3	74	0	3	42147	0379f4000000a4a3	0379f4000000a4a3	000000a4a3_3_    74_     0_     3
dma	300	582	0	75	0	0	42162	0385b4000000a4b2	0385b4000000a4b2	000000a4b2_0_    75_     0_     0
dma	301	584	1	75	0	1	42163	0385f8000000a4b3	0385f8000000a4b3	000000a4b3_1_    75_     0_     1
dma	302	588	2	75	0	2	42176	039130000000a4c0	039130000000a4c0	000000a4c0_2_    75_     0_     2
dma	303	589	3	75	0	3	42177	039174000000a4c1	039174000000a4c1	000000a4c1_3_    75_     0_     3
dma	304	591	0	76	0	0	42178	0391b8000000a4c2	0391b8000000a4c2	000000a4c2_0_    76_     0_     0
dma	305	593	1	76	0	1	42179	0391fc000000a4c3	0391fc000000a4c3	000000a4c3_1_    76_     0_     1
dma	306	597	2	76	0	2	42194	039dbc000000a4d2	039dbc000000a4d2	000000a4d2_2_    76_     0_     2
dma	307	599	3	76	0	3	42195	039e00000000a4d3	039e00000000a4d3	000000a4d3_3_    76_     0_     3
dma	308	601	0	77	0	0	42199	03a21c200000a4d7	03a21c200000a4d7	000000a4d7_0_    77_     0_     0
dma	309	604	1	77	0	1	42224	03b53c000000a4f0	03b53c000000a4f0	000000a4f0_1_    77_     0_     1
dma	310	605	2	77	0	2	42225	03b580000000a4f1	03b580000000a4f1	000000a4f1_2_    77_     0_     2
dma	311	607	3	77	0	3	42226	03b5c4000000a4f2	03b5c4000000a4f2	000000a4f2_3_    77_     0_     3
dma	312	609	0	78	0	0	42227	03b608000000a4f3	03b608000000a4f3	000000a4f3_0_    78_     0_     0
dma	313	612	1	78	0	1	42231	03ba24200000a4f7	03ba24200000a4f7	000000a4f7_1_    78_     0_     1
dma	314	614	2	78	0	2	42235	03be40400000a4fb	03be40400000a4fb	000000a4fb_2_    78_     0_     2
dma	315	615	3	78	0	3	42240	03c140000000a500	03c140000000a500	000000a500_3_    78_     0_     3
dma	316	616	0	79	0	0	42241	03c184000000a501	03c184000000a501	000000a501_0_    79_     0_     0
dma	317	622	1	79	0	1	42245	03c5a0200000a505	03c5a0200000a505	000000a505_1_    79_     0_     1
dma	318	618	2	79	0	2	42242	03c1c8000000a502	03c1c8000000a502	000000a502_2_    79_     0_     2
dma	319	623	3	79	0	3	42246	03c5e4200000a506	03c5e4200000a506	000000a506_3_    79_     0_     3
dma	320	626	0	80	0	0	42250	03ca00400000a50a	03ca00400000a50a	000000a50a_0_    80_     0_     0
dma	321	620	1	80	0	1	42243	03c20c000000a503	03c20c000000a503	000000a503_1_    80_     0_     1
dma	322	629	2	80	0	2	42257	03cd88000000a511	03cd88000000a511	000000a511_2_    80_     0_     2
dma	323	634	3	80	0	3	42261	03d1a4200000a515	03d1a4200000a515	000000a515_3_    80_     0_     3
dma	324	631	0	81	0	0	42258	03cdcc000000a512	03cdcc000000a512	000000a512_0_    81_     0_     0
dma	325	633	1	81	0	1	42259	03ce10000000a513	03ce10000000a513	000000a513_1_    81_     0_     1
dma	326	636	2	81	0	2	42263	03d22c200000a517	03d22c200000a517	000000a517_2_    81_     0_     2
dma	327	637	3	81	0	3	42267	03d648400000a51b	03d648400000a51b	000000a51b_3_    81_     0_     3
dma	328	638	0	82	0	0	42271	03da64600000a51f	03da64600000a51f	000000a51f_0_    82_     0_     0
dma	329	640	1	82	0	1	42275	03da14000000a523	03da14000000a523	000000a523_1_    82_     0_     1
dma	330	641	2	82	0	2	42279	03de30200000a527	03de30200000a527	000000a527_2_    82_     0_     2
dma	331	642	3	82	0	3	42289	03e590000000a531	03e590000000a531	000000a531_3_    82_     0_     3
dma	332	643	0	83	0	0	42290	03e5d4000000a532	03e5d4000000a532	000000a532_0_    83_     0_     0
dma	333	644	1	83	0	1	42291	03e618000000a533	03e618000000a533	000000a533_1_    83_     0_     1
dma	334	650	2	83	0	2	42306	03f1d8000000a542	03f1d8000000a542	000000a542_2_    83_     0_     2
dma	335	653	3	83	0	3	42310	03f5f4200000a546	03f5f4200000a546	000000a546_3_    83_     0_     3
dma	336	656	0	84	0	0	42314	03fa10400000a54a	03fa10400000a54a	000000a54a_0_    84_     0_     0
dma	337	651	1	84	0	1	42307	03f21c000000a543	03f21c000000a543	000000a543_1_    84_     0_     1
dma	338	654	2	84	0	2	42311	03f638200000a547	03f638200000a547	000000a547_2_    84_     0_     2
dma	339	658	3	84	0	3	42321	03fd98000000a551	03fd98000000a551	000000a551_3_    84_     0_     3
dma	340	660	0	85	0	0	42322	03fddc000000a552	03fddc000000a552	000000a552_0_    85_     0_     0
dma	341	665	1	85	0	1	42337	00099c000000a561	00099c000000a561	000000a561_1_    85_     0_     1
dma	342	667	2	85	0	2	42338	0009e0000000a562	0009e0000000a562	000000a562_2_    85_     0_     2
dma	343	671	3	85	0	3	42342	000dfc200000a566	000dfc200000a566	000000a566_3_    85_     0_     3
dma	344	669	0	86	0	0	42339	000a24000000a563	000a24000000a563	000000a563_0_    86_     0_     0
dma	345	673	1	86	0	1	42343	000e40200000a567	000e40200000a567	000000a567_1_    86_     0_     1
dma	346	675	2	86	0	2	42353	0015a0000000a571	0015a0000000a571	000000a571_2_    86_     0_     2
dma	347	677	3	86	0	3	42354	0015e4000000a572	0015e4000000a572	000000a572_3_    86_     0_     3
dma	348	678	0	87	0	0	42355	001628000000a573	001628000000a573	000000a573_0_    87_     0_     0
dma	349	680	1	87	0	1	42359	001a44200000a577	001a44200000a577	000000a577_1_    87_     0_     1
dma	350	682	2	87	0	2	42363	001e60400000a57b	001e60400000a57b	000000a57b_2_    87_     0_     2
dma	351	684	3	87	0	3	42369	0021a4000000a581	0021a4000000a581	000000a581_3_    87_     0_     3
dma	352	685	0	88	0	0	42370	0021e8000000a582	0021e8000000a582	000000a582_0_    88_     0_     0
dma	353	689	1	88	0	1	42374	002604200000a586	002604200000a586	000000a586_1_    88_     0_     1
dma	354	686	2	88	0	2	42371	00222c000000a583	00222c000000a583	000000a583_2_    88_     0_     2
dma	355	690	3	88	0	3	42375	002648200000a587	002648200000a587	000000a587_3_    88_     0_     3
dma	356	692	0	89	0	0	42384	002d64000000a590	002d64000000a590	000000a590_0_    89_     0_     0
dma	357	693	1	89	0	1	42385	002da8000000a591	002da8000000a591	000000a591_1_    89_     0_     1
dma	358	696	2	89	0	2	42387	002e30000000a593	002e30000000a593	000000a593_2_    89_     0_     2
dma	359	698	3	89	0	3	42391	00324c200000a597	00324c200000a597	000000a597_3_    89_     0_     3
dma	360	702	0	90	0	0	42402	0039f0000000a5a2	0039f0000000a5a2	000000a5a2_0_    90_     0_     0
dma	361	706	1	90	0	1	42406	003e0c200000a5a6	003e0c200000a5a6	000000a5a6_1_    90_     0_     1
dma	362	704	2	90	0	2	42403	003a34000000a5a3	003a34000000a5a3	000000a5a3_2_    90_     0_     2
dma	363	707	3	90	0	3	42407	003e50200000a5a7	003e50200000a5a7	000000a5a7_3_    90_     0_     3
dma	364	709	0	91	0	0	42417	0045b0000000a5b1	0045b0000000a5b1	000000a5b1_0_    91_     0_     0
dma	365	713	1	91	0	1	42421	0049cc200000a5b5	0049cc200000a5b5	000000a5b5_1_    91_     0_     1
dma	366	711	2	91	0	2	42419	004638000000a5b3	004638000000a5b3	000000a5b3_2_    91_     0_     2
dma	367	714	3	91	0	3	42423	004a54200000a5b7	004a54200000a5b7	000000a5b7_3_    91_     0_     3
dma	368	716	0	92	0	0	42427	004e70400000a5bb	004e70400000a5bb	000000a5bb_0_    92_     0_     0
dma	369	717	1	92	0	1	42431	00528c600000a5bf	00528c600000a5bf	000000a5bf_1_    92_     0_     1
dma	370	718	2	92	0	2	42432	005170000000a5c0	005170000000a5c0	000000a5c0_2_    92_     0_     2
dma	371	720	3	92	0	3	42434	0051f8000000a5c2	0051f8000000a5c2	000000a5c2_3_    92_     0_     3
dma	372	724	0	93	0	0	42438	005614200000a5c6	005614200000a5c6	000000a5c6_0_    93_     0_     0
dma	373	722	1	93	0	1	42435	00523c000000a5c3	00523c000000a5c3	000000a5c3_1_    93_     0_     1
dma	374	726	2	93	0	2	42439	005658200000a5c7	005658200000a5c7	000000a5c7_2_    93_     0_     2
dma	375	728	3	93	0	3	42448	005d74000000a5d0	005d74000000a5d0	000000a5d0_3_    93_     0_     3
dma	376	731	0	94	0	0	42450	005dfc000000a5d2	005dfc000000a5d2	000000a5d2_0_    94_     0_     0
dma	377	736	1	94	0	1	42464	006978000000a5e0	006978000000a5e0	000000a5e0_1_    94_     0_     1
dma	378	737	2	94	0	2	42466	006a00000000a5e2	006a00000000a5e2	000000a5e2_2_    94_     0_     2
dma	379	740	3	94	0	3	42470	006e1c200000a5e6	006e1c200000a5e6	000000a5e6_3_    94_     0_     3
dma	380	742	0	95	0	0	42474	007238400000a5ea	007238400000a5ea	000000a5ea_0_    95_     0_     0
dma	381	739	1	95	0	1	42467	006a44000000a5e3	006a44000000a5e3	000000a5e3_1_    95_     0_     1
dma	382	741	2	95	0	2	42471	006e60200000a5e7	006e60200000a5e7	000000a5e7_2_    95_     0_     2
dma	383	743	3	95	0	3	42496	008180000000a600	008180000000a600	000000a600_3_    95_     0_     3
dma	384	745	0	96	0	0	42498	008208000000a602	008208000000a602	000000a602_0_    96_     0_     0
dma	385	749	1	96	0	1	42502	008624200000a606	008624200000a606	000000a606_1_    96_     0_     1
dma	386	746	2	96	0	2	42499	00824c000000a603	00824c000000a603	000000a603_2_    96_     0_     2
dma	387	753	3	96	0	3	42514	008e0c000000a612	008e0c000000a612	000000a612_3_    96_     0_     3
dma	388	757	0	97	0	0	42528	009988000000a620	009988000000a620	000000a620_0_    97_     0_     0
dma	389	760	1	97	0	1	42531	009a54000000a623	009a54000000a623	000000a623_1_    97_     0_     1
dma	390	762	2	97	0	2	42535	009e70200000a627	009e70200000a627	000000a627_2_    97_     0_     2
dma	391	764	3	97	0	3	42539	00a28c400000a62b	00a28c400000a62b	000000a62b_3_    97_     0_     3
dma	392	765	0	98	0	0	42545	00a5d0000000a631	00a5d0000000a631	000000a631_0_    98_     0_     0
dma	393	769	1	98	0	1	42549	00a9ec200000a635	00a9ec200000a635	000000a635_1_    98_     0_     1
dma	394	771	2	98	0	2	42553	00ae08400000a639	00ae08400000a639	000000a639_2_    98_     0_     2
dma	395	766	3	98	0	3	42546	00a614000000a632	00a614000000a632	000000a632_3_    98_     0_     3
dma	396	770	0	99	0	0	42550	00aa30200000a636	00aa30200000a636	000000a636_0_    99_     0_     0
dma	397	772	1	99	0	1	42554	00ae4c400000a63a	00ae4c400000a63a	000000a63a_1_    99_     0_     1
dma	398	773	2	99	0	2	42558	00b268600000a63e	00b268600000a63e	000000a63e_2_    99_     0_     2
dma	399	768	3	99	0	3	42547	00a658000000a633	00a658000000a633	000000a633_3_    99_     0_     3
dma	400	774	0	100	0	0	42561	00b1d4000000a641	00b1d4000000a641	000000a641_0_   100_     0_     0
dma	401	777	1	100	0	1	42563	00b25c000000a643	00b25c000000a643	000000a643_1_   100_     0_     1
dma	402	781	2	100	0	2	42567	00b678200000a647	00b678200000a647	000000a647_2_   100_     0_     2
dma	403	784	3	100	0	3	42577	00bdd8000000a651	00bdd8000000a651	000000a651_3_   100_     0_     3
dma	404	789	0	101	0	0	42581	00c1f4200000a655	00c1f4200000a655	000000a655_0_   101_     0_     0
dma	405	786	1	101	0	1	42578	00be1c000000a652	00be1c000000a652	000000a652_1_   101_     0_     1
dma	406	791	2	101	0	2	42582	00c238200000a656	00c238200000a656	000000a656_2_   101_     0_     2
dma	407	794	3	101	0	3	42586	00c654400000a65a	00c654400000a65a	000000a65a_3_   101_     0_     3
dma	408	787	0	102	0	0	42579	00be60000000a653	00be60000000a653	000000a653_0_   102_     0_     0
dma	409	792	1	102	0	1	42583	00c27c200000a657	00c27c200000a657	000000a657_1_   102_     0_     1
dma	410	795	2	102	0	2	42587	00c698400000a65b	00c698400000a65b	000000a65b_2_   102_     0_     2
dma	411	797	3	102	0	3	42592	00c998000000a660	00c998000000a660	000000a660_3_   102_     0_     3
dma	412	798	0	103	0	0	42594	00ca20000000a662	00ca20000000a662	000000a662_0_   103_     0_     0
dma	413	800	1	103	0	1	42595	00ca64000000a663	00ca64000000a663	000000a663_1_   103_     0_     1
dma	414	803	2	103	0	2	42610	00d624000000a672	00d624000000a672	000000a672_2_   103_     0_     2
dma	415	804	3	103	0	3	42611	00d668000000a673	00d668000000a673	000000a673_3_   103_     0_     3
dma	416	808	0	104	0	0	42624	00e1a0000000a680	00e1a0000000a680	000000a680_0_   104_     0_     0
dma	417	810	1	104	0	1	42625	00e1e4000000a681	00e1e4000000a681	000000a681_1_   104_     0_     1
dma	418	814	2	104	0	2	42629	00e600200000a685	00e600200000a685	000000a685_2_   104_     0_     2
dma	419	817	3	104	0	3	42633	00ea1c400000a689	00ea1c400000a689	000000a689_3_   104_     0_     3
dma	420	818	0	105	0	0	42641	00ede8000000a691	00ede8000000a691	000000a691_0_   105_     0_     0
dma	421	819	1	105	0	1	42642	00ee2c000000a692	00ee2c000000a692	000000a692_1_   105_     0_     1
dma	422	822	2	105	0	2	42646	00f248200000a696	00f248200000a696	000000a696_2_   105_     0_     2
dma	423	824	3	105	0	3	42650	00f664400000a69a	00f664400000a69a	000000a69a_3_   105_     0_     3
dma	424	826	0	106	0	0	42654	00fa80600000a69e	00fa80600000a69e	000000a69e_0_   106_     0_     0
dma	425	821	1	106	0	1	42643	00ee70000000a693	00ee70000000a693	000000a693_1_   106_     0_     1
dma	426	823	2	106	0	2	42647	00f28c200000a697	00f28c200000a697	000000a697_2_   106_     0_     2
dma	427	825	3	106	0	3	42651	00f6a8400000a69b	00f6a8400000a69b	000000a69b_3_   106_     0_     3
dma	428	833	0	107	0	0	42672	0105ac000000a6b0	0105ac000000a6b0	000000a6b0_0_   107_     0_     0
dma	429	834	1	107	0	1	42673	0105f0000000a6b1	0105f0000000a6b1	000000a6b1_1_   107_     0_     1
dma	430	839	2	107	0	2	42677	010a0c200000a6b5	010a0c200000a6b5	000000a6b5_2_   107_     0_     2
dma	431	836	3	107	0	3	42674	010634000000a6b2	010634000000a6b2	000000a6b2_3_   107_     0_     3
dma	432	840	0	108	0	0	42678	010a50200000a6b6	010a50200000a6b6	000000a6b6_0_   108_     0_     0
dma	433	838	1	108	0	1	42675	010678000000a6b3	010678000000a6b3	000000a6b3_1_   108_     0_     1
dma	434	841	2	108	0	2	42679	010a94200000a6b7	010a94200000a6b7	000000a6b7_2_   108_     0_     2
dma	435	842	3	108	0	3	42690	011238000000a6c2	011238000000a6c2	000000a6c2_3_   108_     0_     3
dma	436	844	0	109	0	0	42691	01127c000000a6c3	01127c000000a6c3	000000a6c3_0_   109_     0_     0
dma	437	847	1	109	0	1	42695	011698200000a6c7	011698200000a6c7	000000a6c7_1_   109_     0_     1
dma	438	851	2	109	0	2	42704	011db4000000a6d0	011db4000000a6d0	000000a6d0_2_   109_     0_     2
dma	439	853	3	109	0	3	42705	011df8000000a6d1	011df8000000a6d1	000000a6d1_3_   109_     0_     3
dma	440	859	0	110	0	0	42709	012214200000a6d5	012214200000a6d5	000000a6d5_0_   110_     0_     0
dma	441	863	1	110	0	1	42713	012630400000a6d9	012630400000a6d9	000000a6d9_1_   110_     0_     1
dma	442	855	2	110	0	2	42706	011e3c000000a6d2	011e3c000000a6d2	000000a6d2_2_   110_     0_     2
dma	443	857	3	110	0	3	42707	011e80000000a6d3	011e80000000a6d3	000000a6d3_3_   110_     0_     3
dma	444	861	0	111	0	0	42711	01229c200000a6d7	01229c200000a6d7	000000a6d7_0_   111_     0_     0
dma	445	864	1	111	0	1	42721	0129fc000000a6e1	0129fc000000a6e1	000000a6e1_1_   111_     0_     1
dma	446	866	2	111	0	2	42722	012a40000000a6e2	012a40000000a6e2	000000a6e2_2_   111_     0_     2
dma	447	868	3	111	0	3	42726	012e5c200000a6e6	012e5c200000a6e6	000000a6e6_3_   111_     0_     3
dma	448	869	0	112	0	0	42737	013600000000a6f1	013600000000a6f1	000000a6f1_0_   112_     0_     0
dma	449	874	1	112	0	1	42753	014204000000a701	014204000000a701	000000a701_1_   112_     0_     1
dma	450	879	2	112	0	2	42757	014620200000a705	014620200000a705	000000a705_2_   112_     0_     2
dma	451	882	3	112	0	3	42761	014a3c400000a709	014a3c400000a709	000000a709_3_   112_     0_     3
dma	452	876	0	113	0	0	42754	014248000000a702	014248000000a702	000000a702_0_   113_     0_     0
dma	453	878	1	113	0	1	42755	01428c000000a703	01428c000000a703	000000a703_1_   113_     0_     1
dma	454	881	2	113	0	2	42759	0146a8200000a707	0146a8200000a707	000000a707_2_   113_     0_     2
dma	455	883	3	113	0	3	42763	014ac4400000a70b	014ac4400000a70b	000000a70b_3_   113_     0_     3
dma	456	884	0	114	0	0	42768	014dc4000000a710	014dc4000000a710	000000a710_0_   114_     0_     0
dma	457	887	1	114	0	1	42771	014e90000000a713	014e90000000a713	000000a713_1_   114_     0_     1
dma	458	890	2	114	0	2	42785	015a0c000000a721	015a0c000000a721	000000a721_2_   114_     0_     2
dma	459	892	3	114	0	3	42786	015a50000000a722	015a50000000a722	000000a722_3_   114_     0_     3
dma	460	893	0	115	0	0	42787	015a94000000a723	015a94000000a723	000000a723_0_   115_     0_     0
dma	461	896	1	115	0	1	42801	016610000000a731	016610000000a731	000000a731_1_   115_     0_     1
dma	462	902	2	115	0	2	42805	016a2c200000a735	016a2c200000a735	000000a735_2_   115_     0_     2
dma	463	906	3	115	0	3	42809	016e48400000a739	016e48400000a739	000000a739_3_   115_     0_     3
dma	464	898	0	116	0	0	42802	016654000000a732	016654000000a732	000000a732_0_   116_     0_     0
dma	465	904	1	116	0	1	42806	016a70200000a736	016a70200000a736	000000a736_1_   116_     0_     1
dma	466	900	2	116	0	2	42803	016698000000a733	016698000000a733	000000a733_2_   116_     0_     2
dma	467	908	3	116	0	3	42816	0171d0000000a740	0171d0000000a740	000000a740_3_   116_     0_     3
dma	468	912	0	117	0	0	42819	01729c000000a743	01729c000000a743	000000a743_0_   117_     0_     0
dma	469	915	1	117	0	1	42823	0176b8200000a747	0176b8200000a747	000000a747_1_   117_     0_     1
dma	470	917	2	117	0	2	42827	017ad4400000a74b	017ad4400000a74b	000000a74b_2_   117_     0_     2
dma	471	918	3	117	0	3	42831	017ef0600000a74f	017ef0600000a74f	000000a74f_3_   117_     0_     3
dma	472	919	0	118	0	0	42832	017dd4000000a750	017dd4000000a750	000000a750_0_   118_     0_     0
dma	473	921	1	118	0	1	42835	017ea0000000a753	017ea0000000a753	000000a753_1_   118_     0_     1
dma	474	923	2	118	0	2	42839	0182bc200000a757	0182bc200000a757	000000a757_2_   118_     0_     2
dma	475	925	3	118	0	3	42849	018a1c000000a761	018a1c000000a761	000000a761_3_   118_     0_     3
dma	476	927	0	119	0	0	42850	018a60000000a762	018a60000000a762	000000a762_0_   119_     0_     0
dma	477	931	1	119	0	1	42854	018e7c200000a766	018e7c200000a766	000000a766_1_   119_     0_     1
dma	478	935	2	119	0	2	42858	019298400000a76a	019298400000a76a	000000a76a_2_   119_     0_     2
dma	479	929	3	119	0	3	42851	018aa4000000a763	018aa4000000a763	000000a763_3_   119_     0_     3
dma	480	933	0	120	0	0	42855	018ec0200000a767	018ec0200000a767	000000a767_0_   120_     0_     0
dma	481	936	1	120	0	1	42859	0192dc400000a76b	0192dc400000a76b	000000a76b_1_   120_     0_     1
dma	482	937	2	120	0	2	42864	0195dc000000a770	0195dc000000a770	000000a770_2_   120_     0_     2
dma	483	938	3	120	0	3	42866	019664000000a772	019664000000a772	000000a772_3_   120_     0_     3
dma	484	941	0	121	0	0	42870	019a80200000a776	019a80200000a776	000000a776_0_   121_     0_     0
dma	485	944	1	121	0	1	42880	01a1e0000000a780	01a1e0000000a780	000000a780_1_   121_     0_     1
dma	486	950	2	121	0	2	42884	01a5fc200000a784	01a5fc200000a784	000000a784_2_   121_     0_     2
dma	487	946	3	121	0	3	42882	01a268000000a782	01a268000000a782	000000a782_3_   121_     0_     3
dma	488	952	0	122	0	0	42886	01a684200000a786	01a684200000a786	000000a786_0_   122_     0_     0
dma	489	955	1	122	0	1	42890	01aaa0400000a78a	01aaa0400000a78a	000000a78a_1_   122_     0_     1
dma	490	958	2	122	0	2	42894	01aebc600000a78e	01aebc600000a78e	000000a78e_2_   122_     0_     2
dma	491	948	3	122	0	3	42883	01a2ac000000a783	01a2ac000000a783	000000a783_3_   122_     0_     3
dma	492	959	0	123	0	0	42896	01ade4000000a790	01ade4000000a790	000000a790_0_   123_     0_     0
dma	493	964	1	123	0	1	42900	01b200200000a794	01b200200000a794	000000a794_1_   123_     0_     1
dma	494	962	2	123	0	2	42899	01aeb0000000a793	01aeb0000000a793	000000a793_2_   123_     0_     2
dma	495	965	3	123	0	3	42914	01ba70000000a7a2	01ba70000000a7a2	000000a7a2_3_   123_     0_     3
dma	496	969	0	124	0	0	42918	01be8c200000a7a6	01be8c200000a7a6	000000a7a6_0_   124_     0_     0
dma	497	967	1	124	0	1	42915	01bab4000000a7a3	01bab4000000a7a3	000000a7a3_1_   124_     0_     1
dma	498	970	2	124	0	2	42919	01bed0200000a7a7	01bed0200000a7a7	000000a7a7_2_   124_     0_     2
dma	499	974	3	124	0	3	42928	01c5ec000000a7b0	01c5ec000000a7b0	000000a7b0_3_   124_     0_     3
dma	500	975	0	125	0	0	42929	01c630000000a7b1	01c630000000a7b1	000000a7b1_0_   125_     0_     0
dma	501	981	1	125	0	1	42933	01ca4c200000a7b5	01ca4c200000a7b5	000000a7b5_1_   125_     0_     1
dma	502	977	2	125	0	2	42930	01c674000000a7b2	01c674000000a7b2	000000a7b2_2_   125_     0_     2
dma	503	982	3	125	0	3	42934	01ca90200000a7b6	01ca90200000a7b6	000000a7b6_3_   125_     0_     3
dma	504	979	0	126	0	0	42931	01c6b8000000a7b3	01c6b8000000a7b3	000000a7b3_0_   126_     0_     0
dma	505	987	1	126	0	1	42947	01d2bc000000a7c3	01d2bc000000a7c3	000000a7c3_1_   126_     0_     1
dma	506	988	2	126	0	2	42951	01d6d8200000a7c7	01d6d8200000a7c7	000000a7c7_2_   126_     0_     2
dma	507	989	3	126	0	3	42961	01de38000000a7d1	01de38000000a7d1	000000a7d1_3_   126_     0_     3
dma	508	994	0	127	0	0	42965	01e254200000a7d5	01e254200000a7d5	000000a7d5_0_   127_     0_     0
dma	509	990	1	127	0	1	42962	01de7c000000a7d2	01de7c000000a7d2	000000a7d2_1_   127_     0_     1
dma	510	992	2	127	0	2	42963	01dec0000000a7d3	01dec0000000a7d3	000000a7d3_2_   127_     0_     2
dma	511	995	3	127	0	3	42976	01e9f8000000a7e0	01e9f8000000a7e0	000000a7e0_3_   127_     0_     3
dma	512	996	0	128	0	0	42977	01ea3c000000a7e1	01ea3c000000a7e1	000000a7e1_0_   128_     0_     0
dma	513	998	1	128	0	1	42978	01ea80000000a7e2	01ea80000000a7e2	000000a7e2_1_   128_     0_     1
dma	514	1000	2	128	0	2	42992	01f5fc000000a7f0	01f5fc000000a7f0	000000a7f0_2_   128_     0_     2
dma	515	1001	3	128	0	3	42993	01f640000000a7f1	01f640000000a7f1	000000a7f1_3_   128_     0_     3
dma	516	1003	0	129	0	0	42994	01f684000000a7f2	01f684000000a7f2	000000a7f2_0_   129_     0_     0
dma	517	1	1	129	0	1	40961	020244000000a001	020244000000a001	000000a001_1_   129_     0_     1
dma	518	6	2	129	0	2	40965	020660200000a005	020660200000a005	000000a005_2_   129_     0_     2
dma	519	3	3	129	0	3	40962	020288000000a002	020288000000a002	000000a002_3_   129_     0_     3
dma	520	5	0	130	0	0	40963	0202cc000000a003	0202cc000000a003	000000a003_0_   130_     0_     0
dma	521	7	1	130	0	1	40967	0206e8200000a007	0206e8200000a007	000000a007_1_   130_     0_     1
dma	522	10	2	130	0	2	40979	020ed0000000a013	020ed0000000a013	000000a013_2_   130_     0_     2
dma	523	12	3	130	0	3	40983	0212ec200000a017	0212ec200000a017	000000a017_3_   130_     0_     3
dma	524	15	0	131	0	0	40993	021a4c000000a021	021a4c000000a021	000000a021_0_   131_     0_     0
dma	525	17	1	131	0	1	40994	021a90000000a022	021a90000000a022	000000a022_1_   131_     0_     1
dma	526	19	2	131	0	2	40995	021ad4000000a023	021ad4000000a023	000000a023_2_   131_     0_     2
dma	527	22	3	131	0	3	40999	021ef0200000a027	021ef0200000a027	000000a027_3_   131_     0_     3
dma	528	23	0	132	0	0	41003	02230c400000a02b	02230c400000a02b	000000a02b_0_   132_     0_     0
dma	529	27	1	132	0	1	41011	0226d8000000a033	0226d8000000a033	000000a033_1_   132_     0_     1
dma	530	33	2	132	0	2	41025	023254000000a041	023254000000a041	000000a041_2_   132_     0_     2
dma	531	38	3	132	0	3	41029	023670200000a045	023670200000a045	000000a045_3_   132_     0_     3
dma	532	35	0	133	0	0	41026	023298000000a042	023298000000a042	000000a042_0_   133_     0_     0
dma	533	37	1	133	0	1	41027	0232dc000000a043	0232dc000000a043	000000a043_1_   133_     0_     1
dma	534	40	2	133	0	2	41031	0236f8200000a047	0236f8200000a047	000000a047_2_   133_     0_     2
dma	535	42	3	133	0	3	41040	023e14000000a050	023e14000000a050	000000a050_3_   133_     0_     3
dma	536	44	0	134	0	0	41042	023e9c000000a052	023e9c000000a052	000000a052_0_   134_     0_     0
dma	537	48	1	134	0	1	41046	0242b8200000a056	0242b8200000a056	000000a056_1_   134_     0_     1
dma	538	51	2	134	0	2	41050	0246d4400000a05a	0246d4400000a05a	000000a05a_2_   134_     0_     2
dma	539	46	3	134	0	3	41043	023ee0000000a053	023ee0000000a053	000000a053_3_   134_     0_     3
dma	540	50	0	135	0	0	41047	0242fc200000a057	0242fc200000a057	000000a057_0_   135_     0_     0
dma	541	52	1	135	0	1	41051	024718400000a05b	024718400000a05b	000000a05b_1_   135_     0_     1
dma	542	54	2	135	0	2	41056	024a18000000a060	024a18000000a060	000000a060_2_   135_     0_     2
dma	543	55	3	135	0	3	41057	024a5c000000a061	024a5c000000a061	000000a061_3_   135_     0_     3
dma	544	57	0	136	0	0	41058	024aa0000000a062	024aa0000000a062	000000a062_0_   136_     0_     0
dma	545	61	1	136	0	1	41062	024ebc200000a066	024ebc200000a066	000000a066_1_   136_     0_     1
dma	546	59	2	136	0	2	41059	024ae4000000a063	024ae4000000a063	000000a063_2_   136_     0_     2
dma	547	64	3	136	0	3	41072	02561c000000a070	02561c000000a070	000000a070_3_   136_     0_     3
dma	548	67	0	137	0	0	41074	0256a4000000a072	0256a4000000a072	000000a072_0_   137_     0_     0
dma	549	69	1	137	0	1	41075	0256e8000000a073	0256e8000000a073	000000a073_1_   137_     0_     1
dma	550	71	2	137	0	2	41079	025b04200000a077	025b04200000a077	000000a077_2_   137_     0_     2
dma	551	74	3	137	0	3	41090	0262a8000000a082	0262a8000000a082	000000a082_3_   137_     0_     3
dma	552	78	0	138	0	0	41094	0266c4200000a086	0266c4200000a086	000000a086_0_   138_     0_     0
dma	553	76	1	138	0	1	41091	0262ec000000a083	0262ec000000a083	000000a083_1_   138_     0_     1
dma	554	82	2	138	0	2	41105	026e68000000a091	026e68000000a091	000000a091_2_   138_     0_     2
dma	555	83	3	138	0	3	41106	026eac000000a092	026eac000000a092	000000a092_3_   138_     0_     3
dma	556	84	0	139	0	0	41107	026ef0000000a093	026ef0000000a093	000000a093_0_   139_     0_     0
dma	557	86	1	139	0	1	41111	02730c200000a097	02730c200000a097	000000a097_1_   139_     0_     1
dma	558	88	2	139	0	2	41122	027ab0000000a0a2	027ab0000000a0a2	000000a0a2_2_   139_     0_     2
dma	559	90	3	139	0	3	41123	027af4000000a0a3	027af4000000a0a3	000000a0a3_3_   139_     0_     3
dma	560	91	0	140	0	0	41127	027f10200000a0a7	027f10200000a0a7	000000a0a7_0_   140_     0_     0
dma	561	94	1	140	0	1	41138	0286b4000000a0b2	0286b4000000a0b2	000000a0b2_1_   140_     0_     1
dma	562	99	2	140	0	2	41142	028ad0200000a0b6	028ad0200000a0b6	000000a0b6_2_   140_     0_     2
dma	563	101	3	140	0	3	41146	028eec400000a0ba	028eec400000a0ba	000000a0ba_3_   140_     0_     3
dma	564	103	0	141	0	0	41150	029308600000a0be	029308600000a0be	000000a0be_0_   141_     0_     0
dma	565	96	1	141	0	1	41139	0286f8000000a0b3	0286f8000000a0b3	000000a0b3_1_   141_     0_     1
dma	566	107	2	141	0	2	41155	0292fc000000a0c3	0292fc000000a0c3	000000a0c3_2_   141_     0_     2
dma	567	109	3	141	0	3	41159	029718200000a0c7	029718200000a0c7	000000a0c7_3_   141_     0_     3
dma	568	112	0	142	0	0	41170	029ebc000000a0d2	029ebc000000a0d2	000000a0d2_0_   142_     0_     0
dma	569	117	1	142	0	1	41185	02aa7c000000a0e1	02aa7c000000a0e1	000000a0e1_1_   142_     0_     1
dma	570	118	2	142	0	2	41186	02aac0000000a0e2	02aac0000000a0e2	000000a0e2_2_   142_     0_     2
dma	571	121	3	142	0	3	41190	02aedc200000a0e6	02aedc200000a0e6	000000a0e6_3_   142_     0_     3
dma	572	120	0	143	0	0	41187	02ab04000000a0e3	02ab04000000a0e3	000000a0e3_0_   143_     0_     0
dma	573	122	1	143	0	1	41191	02af20200000a0e7	02af20200000a0e7	000000a0e7_1_   143_     0_     1
dma	574	124	2	143	0	2	41200	02b63c000000a0f0	02b63c000000a0f0	000000a0f0_2_   143_     0_     2
dma	575	126	3	143	0	3	41201	02b680000000a0f1	02b680000000a0f1	000000a0f1_3_   143_     0_     3
dma	576	127	0	144	0	0	41202	02b6c4000000a0f2	02b6c4000000a0f2	000000a0f2_0_   144_     0_     0
dma	577	131	1	144	0	1	41206	02bae0200000a0f6	02bae0200000a0f6	000000a0f6_1_   144_     0_     1
dma	578	134	2	144	0	2	41210	02befc400000a0fa	02befc400000a0fa	000000a0fa_2_   144_     0_     2
dma	579	129	3	144	0	3	41203	02b708000000a0f3	02b708000000a0f3	000000a0f3_3_   144_     0_     3
dma	580	132	0	145	0	0	41207	02bb24200000a0f7	02bb24200000a0f7	000000a0f7_0_   145_     0_     0
dma	581	136	1	145	0	1	41217	02c284000000a101	02c284000000a101	000000a101_1_   145_     0_     1
dma	582	137	2	145	0	2	41218	02c2c8000000a102	02c2c8000000a102	000000a102_2_   145_     0_     2
dma	583	139	3	145	0	3	41219	02c30c000000a103	02c30c000000a103	000000a103_3_   145_     0_     3
dma	584	141	0	146	0	0	41223	02c728200000a107	02c728200000a107	000000a107_0_   146_     0_     0
dma	585	143	1	146	0	1	41232	02ce44000000a110	02ce44000000a110	000000a110_1_   146_     0_     1
dma	586	144	2	146	0	2	41233	02ce88000000a111	02ce88000000a111	000000a111_2_   146_     0_     2
dma	587	148	3	146	0	3	41250	02dad0000000a122	02dad0000000a122	000000a122_3_   146_     0_     3
dma	588	150	0	147	0	0	41251	02db14000000a123	02db14000000a123	000000a123_0_   147_     0_     0
dma	589	152	1	147	0	1	41255	02df30200000a127	02df30200000a127	000000a127_1_   147_     0_     1
dma	590	153	2	147	0	2	41259	02e34c400000a12b	02e34c400000a12b	000000a12b_2_   147_     0_     2
dma	591	154	3	147	0	3	41263	02e768600000a12f	02e768600000a12f	000000a12f_3_   147_     0_     3
dma	592	156	0	148	0	0	41264	02e64c000000a130	02e64c000000a130	000000a130_0_   148_     0_     0
dma	593	159	1	148	0	1	41266	02e6d4000000a132	02e6d4000000a132	000000a132_1_   148_     0_     1
dma	594	161	2	148	0	2	41280	02f250000000a140	02f250000000a140	000000a140_2_   148_     0_     2
dma	595	164	3	148	0	3	41282	02f2d8000000a142	02f2d8000000a142	000000a142_3_   148_     0_     3
dma	596	168	0	149	0	0	41286	02f6f4200000a146	02f6f4200000a146	000000a146_0_   149_     0_     0
dma	597	171	1	149	0	1	41290	02fb10400000a14a	02fb10400000a14a	000000a14a_1_   149_     0_     1
dma	598	166	2	149	0	2	41283	02f31c000000a143	02f31c000000a143	000000a143_2_   149_     0_     2
dma	599	170	3	149	0	3	41287	02f738200000a147	02f738200000a147	000000a147_3_   149_     0_     3
dma	600	174	0	150	0	0	41296	02fe54000000a150	02fe54000000a150	000000a150_0_   150_     0_     0
dma	601	184	1	150	0	1	41312	030a58000000a160	030a58000000a160	000000a160_1_   150_     0_     1
dma	602	189	2	150	0	2	41316	030e74200000a164	030e74200000a164	000000a164_2_   150_     0_     2
dma	603	187	3	150	0	3	41314	030ae0000000a162	030ae0000000a162	000000a162_3_   150_     0_     3
dma	604	190	0	151	0	0	41318	030efc200000a166	030efc200000a166	000000a166_0_   151_     0_     0
dma	605	192	1	151	0	1	41329	0316a0000000a171	0316a0000000a171	000000a171_1_   151_     0_     1
dma	606	197	2	151	0	2	41333	031abc200000a175	031abc200000a175	000000a175_2_   151_     0_     2
dma	607	194	3	151	0	3	41330	0316e4000000a172	0316e4000000a172	000000a172_3_   151_     0_     3
dma	608	196	0	152	0	0	41331	031728000000a173	031728000000a173	000000a173_0_   152_     0_     0
dma	609	198	1	152	0	1	41335	031b44200000a177	031b44200000a177	000000a177_1_   152_     0_     1
dma	610	199	2	152	0	2	41345	0322a4000000a181	0322a4000000a181	000000a181_2_   152_     0_     2
dma	611	200	3	152	0	3	41346	0322e8000000a182	0322e8000000a182	000000a182_3_   152_     0_     3
dma	612	203	0	153	0	0	41360	032e64000000a190	032e64000000a190	000000a190_0_   153_     0_     0
dma	613	205	1	153	0	1	41363	032f30000000a193	032f30000000a193	000000a193_1_   153_     0_     1
dma	614	208	2	153	0	2	41378	033af0000000a1a2	033af0000000a1a2	000000a1a2_2_   153_     0_     2
dma	615	216	3	153	0	3	41395	034738000000a1b3	034738000000a1b3	000000a1b3_3_   153_     0_     3
dma	616	217	0	154	0	0	41399	034b54200000a1b7	034b54200000a1b7	000000a1b7_0_   154_     0_     0
dma	617	218	1	154	0	1	41403	034f70400000a1bb	034f70400000a1bb	000000a1bb_1_   154_     0_     1
dma	618	219	2	154	0	2	41409	0352b4000000a1c1	0352b4000000a1c1	000000a1c1_2_   154_     0_     2
dma	619	221	3	154	0	3	41410	0352f8000000a1c2	0352f8000000a1c2	000000a1c2_3_   154_     0_     3
dma	620	223	0	155	0	0	41411	03533c000000a1c3	03533c000000a1c3	000000a1c3_0_   155_     0_     0
dma	621	225	1	155	0	1	41426	035efc000000a1d2	035efc000000a1d2	000000a1d2_1_   155_     0_     1
dma	622	229	2	155	0	2	41430	036318200000a1d6	036318200000a1d6	000000a1d6_2_   155_     0_     2
dma	623	227	3	155	0	3	41427	035f40000000a1d3	035f40000000a1d3	000000a1d3_3_   155_     0_     3
dma	624	231	0	156	0	0	41431	03635c200000a1d7	03635c200000a1d7	000000a1d7_0_   156_     0_     0
dma	625	234	1	156	0	1	41441	036abc000000a1e1	036abc000000a1e1	000000a1e1_1_   156_     0_     1
dma	626	236	2	156	0	2	41442	036b00000000a1e2	036b00000000a1e2	000000a1e2_2_   156_     0_     2
dma	627	238	3	156	0	3	41443	036b44000000a1e3	036b44000000a1e3	000000a1e3_3_   156_     0_     3
dma	628	242	0	157	0	0	41447	036f60200000a1e7	036f60200000a1e7	000000a1e7_0_   157_     0_     0
dma	629	246	1	157	0	1	41458	037704000000a1f2	037704000000a1f2	000000a1f2_1_   157_     0_     1
dma	630	248	2	157	0	2	41459	037748000000a1f3	037748000000a1f3	000000a1f3_2_   157_     0_     2
dma	631	255	3	157	0	3	41473	0382c4000000a201	0382c4000000a201	000000a201_3_   157_     0_     3
dma	632	258	0	158	0	0	41475	03834c000000a203	03834c000000a203	000000a203_0_   158_     0_     0
dma	633	260	1	158	0	1	41489	038ec8000000a211	038ec8000000a211	000000a211_1_   158_     0_     1
dma	634	263	2	158	0	2	41491	038f50000000a213	038f50000000a213	000000a213_2_   158_     0_     2
dma	635	265	3	158	0	3	41495	03936c200000a217	03936c200000a217	000000a217_3_   158_     0_     3
dma	636	267	0	159	0	0	41504	039a88000000a220	039a88000000a220	000000a220_0_   159_     0_     0
dma	637	269	1	159	0	1	41505	039acc000000a221	039acc000000a221	000000a221_1_   159_     0_     1
dma	638	274	2	159	0	2	41509	039ee8200000a225	039ee8200000a225	000000a225_2_   159_     0_     2
dma	639	272	3	159	0	3	41507	039b54000000a223	039b54000000a223	000000a223_3_   159_     0_     3
dma	640	279	0	160	0	0	41522	03a714000000a232	03a714000000a232	000000a232_0_   160_     0_     0
dma	641	281	1	160	0	1	41523	03a758000000a233	03a758000000a233	000000a233_1_   160_     0_     1
dma	642	283	2	160	0	2	41527	03ab74200000a237	03ab74200000a237	000000a237_2_   160_     0_     2
dma	643	286	3	160	0	3	41537	03b2d4000000a241	03b2d4000000a241	000000a241_3_   160_     0_     3
dma	644	288	0	161	0	0	41538	03b318000000a242	03b318000000a242	000000a242_0_   161_     0_     0
dma	645	292	1	161	0	1	41542	03b734200000a246	03b734200000a246	000000a246_1_   161_     0_     1
dma	646	289	2	161	0	2	41539	03b35c000000a243	03b35c000000a243	000000a243_2_   161_     0_     2
dma	647	293	3	161	0	3	41543	03b778200000a247	03b778200000a247	000000a247_3_   161_     0_     3
dma	648	296	0	162	0	0	41547	03bb94400000a24b	03bb94400000a24b	000000a24b_0_   162_     0_     0
dma	649	299	1	162	0	1	41554	03bf1c000000a252	03bf1c000000a252	000000a252_1_   162_     0_     1
dma	650	302	2	162	0	2	41558	03c338200000a256	03c338200000a256	000000a256_2_   162_     0_     2
dma	651	304	3	162	0	3	41562	03c754400000a25a	03c754400000a25a	000000a25a_3_   162_     0_     3
dma	652	306	0	163	0	0	41566	03cb70600000a25e	03cb70600000a25e	000000a25e_0_   163_     0_     0
dma	653	301	1	163	0	1	41555	03bf60000000a253	03bf60000000a253	000000a253_1_   163_     0_     1
dma	654	307	2	163	0	2	41569	03cadc000000a261	03cadc000000a261	000000a261_2_   163_     0_     2
dma	655	309	3	163	0	3	41570	03cb20000000a262	03cb20000000a262	000000a262_3_   163_     0_     3
dma	656	311	0	164	0	0	41571	03cb64000000a263	03cb64000000a263	000000a263_0_   164_     0_     0
dma	657	313	1	164	0	1	41575	03cf80200000a267	03cf80200000a267	000000a267_1_   164_     0_     1
dma	658	314	2	164	0	2	41584	03d69c000000a270	03d69c000000a270	000000a270_2_   164_     0_     2
dma	659	319	3	164	0	3	41588	03dab8200000a274	03dab8200000a274	000000a274_3_   164_     0_     3
dma	660	315	0	165	0	0	41585	03d6e0000000a271	03d6e0000000a271	000000a271_0_   165_     0_     0
dma	661	320	1	165	0	1	41589	03dafc200000a275	03dafc200000a275	000000a275_1_   165_     0_     1
dma	662	322	2	165	0	2	41593	03df18400000a279	03df18400000a279	000000a279_2_   165_     0_     2
dma	663	317	3	165	0	3	41586	03d724000000a272	03d724000000a272	000000a272_3_   165_     0_     3
dma	664	321	0	166	0	0	41590	03db40200000a276	03db40200000a276	000000a276_0_   166_     0_     0
dma	665	323	1	166	0	1	41594	03df5c400000a27a	03df5c400000a27a	000000a27a_1_   166_     0_     1
dma	666	324	2	166	0	2	41598	03e378600000a27e	03e378600000a27e	000000a27e_2_   166_     0_     2
dma	667	327	3	166	0	3	41601	03e2e4000000a281	03e2e4000000a281	000000a281_3_   166_     0_     3
dma	668	329	0	167	0	0	41602	03e328000000a282	03e328000000a282	000000a282_0_   167_     0_     0
dma	669	331	1	167	0	1	41603	03e36c000000a283	03e36c000000a283	000000a283_1_   167_     0_     1
dma	670	334	2	167	0	2	41607	03e788200000a287	03e788200000a287	000000a287_2_   167_     0_     2
dma	671	336	3	167	0	3	41611	03eba4400000a28b	03eba4400000a28b	000000a28b_3_   167_     0_     3
dma	672	340	0	168	0	0	41618	03ef2c000000a292	03ef2c000000a292	000000a292_0_   168_     0_     0
dma	673	342	1	168	0	1	41619	03ef70000000a293	03ef70000000a293	000000a293_1_   168_     0_     1
dma	674	345	2	168	0	2	41623	03f38c200000a297	03f38c200000a297	000000a297_2_   168_     0_     2
dma	675	347	3	168	0	3	41627	03f7a8400000a29b	03f7a8400000a29b	000000a29b_3_   168_     0_     3
dma	676	348	0	169	0	0	41631	03fbc4600000a29f	03fbc4600000a29f	000000a29f_0_   169_     0_     0
dma	677	350	1	169	0	1	41632	03faa8000000a2a0	03faa8000000a2a0	000000a2a0_1_   169_     0_     1
dma	678	352	2	169	0	2	41634	03fb30000000a2a2	03fb30000000a2a2	000000a2a2_2_   169_     0_     2
dma	679	354	3	169	0	3	41638	03ff4c200000a2a6	03ff4c200000a2a6	000000a2a6_3_   169_     0_     3
dma	680	358	0	170	0	0	41648	0006ac000000a2b0	0006ac000000a2b0	000000a2b0_0_   170_     0_     0
dma	681	361	1	170	0	1	41651	000778000000a2b3	000778000000a2b3	000000a2b3_1_   170_     0_     1
dma	682	363	2	170	0	2	41665	0012f4000000a2c1	0012f4000000a2c1	000000a2c1_2_   170_     0_     2
dma	683	365	3	170	0	3	41666	001338000000a2c2	001338000000a2c2	000000a2c2_3_   170_     0_     3
dma	684	366	0	171	0	0	41667	00137c000000a2c3	00137c000000a2c3	000000a2c3_0_   171_     0_     0
dma	685	367	1	171	0	1	41671	001798200000a2c7	001798200000a2c7	000000a2c7_1_   171_     0_     1
dma	686	369	2	171	0	2	41682	001f3c000000a2d2	001f3c000000a2d2	000000a2d2_2_   171_     0_     2
dma	687	373	3	171	0	3	41698	002b40000000a2e2	002b40000000a2e2	000000a2e2_3_   171_     0_     3
dma	688	377	0	172	0	0	41702	002f5c200000a2e6	002f5c200000a2e6	000000a2e6_0_   172_     0_     0
dma	689	375	1	172	0	1	41699	002b84000000a2e3	002b84000000a2e3	000000a2e3_1_   172_     0_     1
dma	690	378	2	172	0	2	41703	002fa0200000a2e7	002fa0200000a2e7	000000a2e7_2_   172_     0_     2
dma	691	380	3	172	0	3	41713	003700000000a2f1	003700000000a2f1	000000a2f1_3_   172_     0_     3
dma	692	384	0	173	0	0	41717	003b1c200000a2f5	003b1c200000a2f5	000000a2f5_0_   173_     0_     0
dma	693	386	1	173	0	1	41721	003f38400000a2f9	003f38400000a2f9	000000a2f9_1_   173_     0_     1
dma	694	382	2	173	0	2	41714	003744000000a2f2	003744000000a2f2	000000a2f2_2_   173_     0_     2
dma	695	383	3	173	0	3	41715	003788000000a2f3	003788000000a2f3	000000a2f3_3_   173_     0_     3
dma	696	385	0	174	0	0	41719	003ba4200000a2f7	003ba4200000a2f7	000000a2f7_0_   174_     0_     0
dma	697	387	1	174	0	1	41723	003fc0400000a2fb	003fc0400000a2fb	000000a2fb_1_   174_     0_     1
dma	698	390	2	174	0	2	41730	004348000000a302	004348000000a302	000000a302_2_   174_     0_     2
dma	699	392	3	174	0	3	41731	00438c000000a303	00438c000000a303	000000a303_3_   174_     0_     3
dma	700	396	0	175	0	0	41744	004ec4000000a310	004ec4000000a310	000000a310_0_   175_     0_     0
dma	701	399	1	175	0	1	41747	004f90000000a313	004f90000000a313	000000a313_1_   175_     0_     1
dma	702	401	2	175	0	2	41751	0053ac200000a317	0053ac200000a317	000000a317_2_   175_     0_     2
dma	703	402	3	175	0	3	41762	005b50000000a322	005b50000000a322	000000a322_3_   175_     0_     3
dma	704	404	0	176	0	0	41766	005f6c200000a326	005f6c200000a326	000000a326_0_   176_     0_     0
dma	705	403	1	176	0	1	41763	005b94000000a323	005b94000000a323	000000a323_1_   176_     0_     1
dma	706	405	2	176	0	2	41767	005fb0200000a327	005fb0200000a327	000000a327_2_   176_     0_     2
dma	707	406	3	176	0	3	41776	0066cc000000a330	0066cc000000a330	000000a330_3_   176_     0_     3
dma	708	408	0	177	0	0	41778	006754000000a332	006754000000a332	000000a332_0_   177_     0_     0
dma	709	412	1	177	0	1	41782	006b70200000a336	006b70200000a336	000000a336_1_   177_     0_     1
dma	710	410	2	177	0	2	41779	006798000000a333	006798000000a333	000000a333_2_   177_     0_     2
dma	711	413	3	177	0	3	41783	006bb4200000a337	006bb4200000a337	000000a337_3_   177_     0_     3
dma	712	414	0	178	0	0	41787	006fd0400000a33b	006fd0400000a33b	000000a33b_0_   178_     0_     0
dma	713	415	1	178	0	1	41791	0073ec600000a33f	0073ec600000a33f	000000a33f_1_   178_     0_     1
dma	714	416	2	178	0	2	41793	007314000000a341	007314000000a341	000000a341_2_   178_     0_     2
dma	715	419	3	178	0	3	41795	00739c000000a343	00739c000000a343	000000a343_3_   178_     0_     3
dma	716	421	0	179	0	0	41799	0077b8200000a347	0077b8200000a347	000000a347_0_   179_     0_     0
dma	717	422	1	179	0	1	41803	007bd4400000a34b	007bd4400000a34b	000000a34b_1_   179_     0_     1
dma	718	425	2	179	0	2	41811	007fa0000000a353	007fa0000000a353	000000a353_2_   179_     0_     2
dma	719	427	3	179	0	3	41825	008b1c000000a361	008b1c000000a361	000000a361_3_   179_     0_     3
dma	720	428	0	180	0	0	41827	008ba4000000a363	008ba4000000a363	000000a363_0_   180_     0_     0
dma	721	430	1	180	0	1	41831	008fc0200000a367	008fc0200000a367	000000a367_1_   180_     0_     1
dma	722	432	2	180	0	2	41835	0093dc400000a36b	0093dc400000a36b	000000a36b_2_   180_     0_     2
dma	723	435	3	180	0	3	41841	009720000000a371	009720000000a371	000000a371_3_   180_     0_     3
dma	724	437	0	181	0	0	41842	009764000000a372	009764000000a372	000000a372_0_   181_     0_     0
dma	725	441	1	181	0	1	41846	009b80200000a376	009b80200000a376	000000a376_1_   181_     0_     1
dma	726	439	2	181	0	2	41843	0097a8000000a373	0097a8000000a373	000000a373_2_   181_     0_     2
dma	727	443	3	181	0	3	41847	009bc4200000a377	009bc4200000a377	000000a377_3_   181_     0_     3
dma	728	445	0	182	0	0	41851	009fe0400000a37b	009fe0400000a37b	000000a37b_0_   182_     0_     0
dma	729	447	1	182	0	1	41855	00a3fc600000a37f	00a3fc600000a37f	000000a37f_1_   182_     0_     1
dma	730	451	2	182	0	2	41873	00af28000000a391	00af28000000a391	000000a391_2_   182_     0_     2
dma	731	454	3	182	0	3	41875	00afb0000000a393	00afb0000000a393	000000a393_3_   182_     0_     3
dma	732	458	0	183	0	0	41890	00bb70000000a3a2	00bb70000000a3a2	000000a3a2_0_   183_     0_     0
dma	733	462	1	183	0	1	41894	00bf8c200000a3a6	00bf8c200000a3a6	000000a3a6_1_   183_     0_     1
dma	734	464	2	183	0	2	41898	00c3a8400000a3aa	00c3a8400000a3aa	000000a3aa_2_   183_     0_     2
dma	735	460	3	183	0	3	41891	00bbb4000000a3a3	00bbb4000000a3a3	000000a3a3_3_   183_     0_     3
dma	736	466	0	184	0	0	41904	00c6ec000000a3b0	00c6ec000000a3b0	000000a3b0_0_   184_     0_     0
dma	737	467	1	184	0	1	41905	00c730000000a3b1	00c730000000a3b1	000000a3b1_1_   184_     0_     1
dma	738	468	2	184	0	2	41906	00c774000000a3b2	00c774000000a3b2	000000a3b2_2_   184_     0_     2
dma	739	471	3	184	0	3	41910	00cb90200000a3b6	00cb90200000a3b6	000000a3b6_3_   184_     0_     3
dma	740	470	0	185	0	0	41907	00c7b8000000a3b3	00c7b8000000a3b3	000000a3b3_0_   185_     0_     0
dma	741	473	1	185	0	1	41911	00cbd4200000a3b7	00cbd4200000a3b7	000000a3b7_1_   185_     0_     1
dma	742	475	2	185	0	2	41921	00d334000000a3c1	00d334000000a3c1	000000a3c1_2_   185_     0_     2
dma	743	478	3	185	0	3	41923	00d3bc000000a3c3	00d3bc000000a3c3	000000a3c3_3_   185_     0_     3
dma	744	480	0	186	0	0	41927	00d7d8200000a3c7	00d7d8200000a3c7	000000a3c7_0_   186_     0_     0
dma	745	483	1	186	0	1	41939	00dfc0000000a3d3	00dfc0000000a3d3	000000a3d3_1_   186_     0_     1
dma	746	485	2	186	0	2	41943	00e3dc200000a3d7	00e3dc200000a3d7	000000a3d7_2_   186_     0_     2
dma	747	486	3	186	0	3	41947	00e7f8400000a3db	00e7f8400000a3db	000000a3db_3_   186_     0_     3
dma	748	487	0	187	0	0	41952	00eaf8000000a3e0	00eaf8000000a3e0	000000a3e0_0_   187_     0_     0
dma	749	493	1	187	0	1	41956	00ef14200000a3e4	00ef14200000a3e4	000000a3e4_1_   187_     0_     1
dma	750	488	2	187	0	2	41953	00eb3c000000a3e1	00eb3c000000a3e1	000000a3e1_2_   187_     0_     2
dma	751	490	3	187	0	3	41954	00eb80000000a3e2	00eb80000000a3e2	000000a3e2_3_   187_     0_     3
dma	752	492	0	188	0	0	41955	00ebc4000000a3e3	00ebc4000000a3e3	000000a3e3_0_   188_     0_     0
dma	753	496	1	188	0	1	41959	00efe0200000a3e7	00efe0200000a3e7	000000a3e7_1_   188_     0_     1
dma	754	497	2	188	0	2	41968	00f6fc000000a3f0	00f6fc000000a3f0	000000a3f0_2_   188_     0_     2
dma	755	499	3	188	0	3	41970	00f784000000a3f2	00f784000000a3f2	000000a3f2_3_   188_     0_     3
dma	756	501	0	189	0	0	41971	00f7c8000000a3f3	00f7c8000000a3f3	000000a3f3_0_   189_     0_     0
dma	757	506	1	189	0	1	41986	010388000000a402	010388000000a402	000000a402_1_   189_     0_     1
dma	758	510	2	189	0	2	41990	0107a4200000a406	0107a4200000a406	000000a406_2_   189_     0_     2
dma	759	512	3	189	0	3	41994	010bc0400000a40a	010bc0400000a40a	000000a40a_3_   189_     0_     3
dma	760	507	0	190	0	0	41987	0103cc000000a403	0103cc000000a403	000000a403_0_   190_     0_     0
dma	761	511	1	190	0	1	41991	0107e8200000a407	0107e8200000a407	000000a407_1_   190_     0_     1
dma	762	515	2	190	0	2	42003	010fd0000000a413	010fd0000000a413	000000a413_2_   190_     0_     2
dma	763	516	3	190	0	3	42007	0113ec200000a417	0113ec200000a417	000000a417_3_   190_     0_     3
dma	764	519	0	191	0	0	42018	011b90000000a422	011b90000000a422	000000a422_0_   191_     0_     0
dma	765	524	1	191	0	1	42032	01270c000000a430	01270c000000a430	000000a430_1_   191_     0_     1
dma	766	526	2	191	0	2	42033	012750000000a431	012750000000a431	000000a431_2_   191_     0_     2
dma	767	527	3	191	0	3	42034	012794000000a432	012794000000a432	000000a432_3_   191_     0_     3
dma	768	530	0	192	0	0	42038	012bb0200000a436	012bb0200000a436	000000a436_0_   192_     0_     0
dma	769	533	1	192	0	1	42042	012fcc400000a43a	012fcc400000a43a	000000a43a_1_   192_     0_     1
dma	770	534	2	192	0	2	42046	0133e8600000a43e	0133e8600000a43e	000000a43e_2_   192_     0_     2
dma	771	529	3	192	0	3	42035	0127d8000000a433	0127d8000000a433	000000a433_3_   192_     0_     3
dma	772	532	0	193	0	0	42039	012bf4200000a437	012bf4200000a437	000000a437_0_   193_     0_     0
dma	773	536	1	193	0	1	42049	013354000000a441	013354000000a441	000000a441_1_   193_     0_     1
dma	774	540	2	193	0	2	42053	013770200000a445	013770200000a445	000000a445_2_   193_     0_     2
dma	775	537	3	193	0	3	42050	013398000000a442	013398000000a442	000000a442_3_   193_     0_     3
dma	776	541	0	194	0	0	42054	0137b4200000a446	0137b4200000a446	000000a446_0_   194_     0_     0
dma	777	539	1	194	0	1	42051	0133dc000000a443	0133dc000000a443	000000a443_1_   194_     0_     1
dma	778	544	2	194	0	2	42065	013f58000000a451	013f58000000a451	000000a451_2_   194_     0_     2
dma	779	545	3	194	0	3	42069	014374200000a455	014374200000a455	000000a455_3_   194_     0_     3
dma	780	548	0	195	0	0	42081	014b5c000000a461	014b5c000000a461	000000a461_0_   195_     0_     0
dma	781	550	1	195	0	1	42082	014ba0000000a462	014ba0000000a462	000000a462_1_   195_     0_     1
dma	782	553	2	195	0	2	42086	014fbc200000a466	014fbc200000a466	000000a466_2_   195_     0_     2
dma	783	552	3	195	0	3	42083	014be4000000a463	014be4000000a463	000000a463_3_   195_     0_     3
dma	784	554	0	196	0	0	42087	014c00200000a467	014c00200000a467	000000a467_0_   196_     0_     0
dma	785	557	1	196	0	1	42098	0157a4000000a472	0157a4000000a472	000000a472_1_   196_     0_     1
dma	786	559	2	196	0	2	42113	016364000000a481	016364000000a481	000000a481_2_   196_     0_     2
dma	787	560	3	196	0	3	42114	0163a8000000a482	0163a8000000a482	000000a482_3_   196_     0_     3
dma	788	562	0	197	0	0	42115	0163ec000000a483	0163ec000000a483	000000a483_0_   197_     0_     0
dma	789	564	1	197	0	1	42119	016408200000a487	016408200000a487	000000a487_1_   197_     0_     1
dma	790	565	2	197	0	2	42123	016824400000a48b	016824400000a48b	000000a48b_2_   197_     0_     2
dma	791	566	3	197	0	3	42128	016f24000000a490	016f24000000a490	000000a490_3_   197_     0_     3
dma	792	567	0	198	0	0	42129	016f68000000a491	016f68000000a491	000000a491_0_   198_     0_     0
dma	793	572	1	198	0	1	42133	017384200000a495	017384200000a495	000000a495_1_   198_     0_     1
dma	794	569	2	198	0	2	42130	016fac000000a492	016fac000000a492	000000a492_2_   198_     0_     2
dma	795	571	3	198	0	3	42131	016ff0000000a493	016ff0000000a493	000000a493_3_   198_     0_     3
dma	796	576	0	199	0	0	42145	017b6c000000a4a1	017b6c000000a4a1	000000a4a1_0_   199_     0_     0
dma	797	579	1	199	0	1	42149	017f88200000a4a5	017f88200000a4a5	000000a4a5_1_   199_     0_     1
dma	798	581	2	199	0	2	42161	018770000000a4b1	018770000000a4b1	000000a4b1_2_   199_     0_     2
dma	799	585	3	199	0	3	42165	018b8c200000a4b5	018b8c200000a4b5	000000a4b5_3_   199_     0_     3
dma	800	586	0	200	0	0	42169	018fa8400000a4b9	018fa8400000a4b9	000000a4b9_0_   200_     0_     0
dma	801	587	1	200	0	1	42173	0193c4600000a4bd	0193c4600000a4bd	000000a4bd_1_   200_     0_     1
dma	802	583	2	200	0	2	42162	0187b4000000a4b2	0187b4000000a4b2	000000a4b2_2_   200_     0_     2
dma	803	590	3	200	0	3	42177	019374000000a4c1	019374000000a4c1	000000a4c1_3_   200_     0_     3
dma	804	592	0	201	0	0	42178	0193b8000000a4c2	0193b8000000a4c2	000000a4c2_0_   201_     0_     0
dma	805	595	1	201	0	1	42182	0197d4200000a4c6	0197d4200000a4c6	000000a4c6_1_   201_     0_     1
dma	806	594	2	201	0	2	42179	0193fc000000a4c3	0193fc000000a4c3	000000a4c3_2_   201_     0_     2
dma	807	596	3	201	0	3	42183	019418200000a4c7	019418200000a4c7	000000a4c7_3_   201_     0_     3
dma	808	598	0	202	0	0	42194	019fbc000000a4d2	019fbc000000a4d2	000000a4d2_0_   202_     0_     0
dma	809	600	1	202	0	1	42195	019c00000000a4d3	019c00000000a4d3	000000a4d3_1_   202_     0_     1
dma	810	602	2	202	0	2	42199	01a01c200000a4d7	01a01c200000a4d7	000000a4d7_2_   202_     0_     2
dma	811	603	3	202	0	3	42211	01a804000000a4e3	01a804000000a4e3	000000a4e3_3_   202_     0_     3
dma	812	606	0	203	0	0	42225	01b780000000a4f1	01b780000000a4f1	000000a4f1_0_   203_     0_     0
dma	813	611	1	203	0	1	42229	01bb9c200000a4f5	01bb9c200000a4f5	000000a4f5_1_   203_     0_     1
dma	814	608	2	203	0	2	42226	01b7c4000000a4f2	01b7c4000000a4f2	000000a4f2_2_   203_     0_     2
dma	815	610	3	203	0	3	42227	01b408000000a4f3	01b408000000a4f3	000000a4f3_3_   203_     0_     3
dma	816	613	0	204	0	0	42231	01b824200000a4f7	01b824200000a4f7	000000a4f7_0_   204_     0_     0
dma	817	617	1	204	0	1	42241	01c384000000a501	01c384000000a501	000000a501_1_   204_     0_     1
dma	818	619	2	204	0	2	42242	01c3c8000000a502	01c3c8000000a502	000000a502_2_   204_     0_     2
dma	819	624	3	204	0	3	42246	01c7e4200000a506	01c7e4200000a506	000000a506_3_   204_     0_     3
dma	820	621	0	205	0	0	42243	01c00c000000a503	01c00c000000a503	000000a503_0_   205_     0_     0
dma	821	625	1	205	0	1	42247	01c428200000a507	01c428200000a507	000000a507_1_   205_     0_     1
dma	822	627	2	205	0	2	42251	01c844400000a50b	01c844400000a50b	000000a50b_2_   205_     0_     2
dma	823	628	3	205	0	3	42256	01cf44000000a510	01cf44000000a510	000000a510_3_   205_     0_     3
dma	824	630	0	206	0	0	42257	01cf88000000a511	01cf88000000a511	000000a511_0_   206_     0_     0
dma	825	635	1	206	0	1	42261	01d3a4200000a515	01d3a4200000a515	000000a515_1_   206_     0_     1
dma	826	632	2	206	0	2	42258	01cfcc000000a512	01cfcc000000a512	000000a512_2_   206_     0_     2
dma	827	639	3	206	0	3	42273	01db8c000000a521	01db8c000000a521	000000a521_3_   206_     0_     3
dma	828	645	0	207	0	0	42291	01e418000000a533	01e418000000a533	000000a533_0_   207_     0_     0
dma	829	646	1	207	0	1	42295	01e834200000a537	01e834200000a537	000000a537_1_   207_     0_     1
dma	830	647	2	207	0	2	42299	01ec50400000a53b	01ec50400000a53b	000000a53b_2_   207_     0_     2
dma	831	648	3	207	0	3	42304	01f350000000a540	01f350000000a540	000000a540_3_   207_     0_     3
dma	832	649	0	208	0	0	42305	01f394000000a541	01f394000000a541	000000a541_0_   208_     0_     0
dma	833	652	1	208	0	1	42307	01f01c000000a543	01f01c000000a543	000000a543_1_   208_     0_     1
dma	834	655	2	208	0	2	42311	01f438200000a547	01f438200000a547	000000a547_2_   208_     0_     2
dma	835	657	3	208	0	3	42315	01f854400000a54b	01f854400000a54b	000000a54b_3_   208_     0_     3
dma	836	659	0	209	0	0	42321	01ff98000000a551	01ff98000000a551	000000a551_0_   209_     0_     0
dma	837	663	1	209	0	1	42325	0203b4200000a555	0203b4200000a555	000000a555_1_   209_     0_     1
dma	838	664	2	209	0	2	42329	0207d0400000a559	0207d0400000a559	000000a559_2_   209_     0_     2
dma	839	661	3	209	0	3	42322	01ffdc000000a552	01ffdc000000a552	000000a552_3_   209_     0_     3
dma	840	662	0	210	0	0	42323	01fc20000000a553	01fc20000000a553	000000a553_0_   210_     0_     0
dma	841	666	1	210	0	1	42337	020b9c000000a561	020b9c000000a561	000000a561_1_   210_     0_     1
dma	842	668	2	210	0	2	42338	020be0000000a562	020be0000000a562	000000a562_2_   210_     0_     2
dma	843	672	3	210	0	3	42342	020ffc200000a566	020ffc200000a566	000000a566_3_   210_     0_     3
dma	844	674	0	211	0	0	42346	021018400000a56a	021018400000a56a	000000a56a_0_   211_     0_     0
dma	845	670	1	211	0	1	42339	020824000000a563	020824000000a563	000000a563_1_   211_     0_     1
dma	846	676	2	211	0	2	42353	0217a0000000a571	0217a0000000a571	000000a571_2_   211_     0_     2
dma	847	679	3	211	0	3	42355	021428000000a573	021428000000a573	000000a573_3_   211_     0_     3
dma	848	681	0	212	0	0	42359	021844200000a577	021844200000a577	000000a577_0_   212_     0_     0
dma	849	683	1	212	0	1	42368	022360000000a580	022360000000a580	000000a580_1_   212_     0_     1
dma	850	688	2	212	0	2	42372	02277c200000a584	02277c200000a584	000000a584_2_   212_     0_     2
dma	851	687	3	212	0	3	42371	02202c000000a583	02202c000000a583	000000a583_3_   212_     0_     3
dma	852	691	0	213	0	0	42375	022448200000a587	022448200000a587	000000a587_0_   213_     0_     0
dma	853	694	1	213	0	1	42385	022fa8000000a591	022fa8000000a591	000000a591_1_   213_     0_     1
dma	854	695	2	213	0	2	42386	022fec000000a592	022fec000000a592	000000a592_2_   213_     0_     2
dma	855	697	3	213	0	3	42387	022c30000000a593	022c30000000a593	000000a593_3_   213_     0_     3
dma	856	699	0	214	0	0	42391	02304c200000a597	02304c200000a597	000000a597_0_   214_     0_     0
dma	857	700	1	214	0	1	42395	023468400000a59b	023468400000a59b	000000a59b_1_   214_     0_     1
dma	858	701	2	214	0	2	42401	023bac000000a5a1	023bac000000a5a1	000000a5a1_2_   214_     0_     2
dma	859	703	3	214	0	3	42402	023bf0000000a5a2	023bf0000000a5a2	000000a5a2_3_   214_     0_     3
dma	860	705	0	215	0	0	42403	023834000000a5a3	023834000000a5a3	000000a5a3_0_   215_     0_     0
dma	861	708	1	215	0	1	42407	023c50200000a5a7	023c50200000a5a7	000000a5a7_1_   215_     0_     1
dma	862	710	2	215	0	2	42417	0247b0000000a5b1	0247b0000000a5b1	000000a5b1_2_   215_     0_     2
dma	863	712	3	215	0	3	42419	024438000000a5b3	024438000000a5b3	000000a5b3_3_   215_     0_     3
dma	864	715	0	216	0	0	42423	024854200000a5b7	024854200000a5b7	000000a5b7_0_   216_     0_     0
dma	865	719	1	216	0	1	42433	0253b4000000a5c1	0253b4000000a5c1	000000a5c1_1_   216_     0_     1
dma	866	721	2	216	0	2	42434	0253f8000000a5c2	0253f8000000a5c2	000000a5c2_2_   216_     0_     2
dma	867	725	3	216	0	3	42438	025414200000a5c6	025414200000a5c6	000000a5c6_3_   216_     0_     3
dma	868	723	0	217	0	0	42435	02503c000000a5c3	02503c000000a5c3	000000a5c3_0_   217_     0_     0
dma	869	727	1	217	0	1	42439	025458200000a5c7	025458200000a5c7	000000a5c7_1_   217_     0_     1
dma	870	729	2	217	0	2	42448	025f74000000a5d0	025f74000000a5d0	000000a5d0_2_   217_     0_     2
dma	871	730	3	217	0	3	42449	025fb8000000a5d1	025fb8000000a5d1	000000a5d1_3_   217_     0_     3
dma	872	734	0	218	0	0	42453	0263d4200000a5d5	0263d4200000a5d5	000000a5d5_0_   218_     0_     0
dma	873	732	1	218	0	1	42450	025ffc000000a5d2	025ffc000000a5d2	000000a5d2_1_   218_     0_     1
dma	874	733	2	218	0	2	42451	025c40000000a5d3	025c40000000a5d3	000000a5d3_2_   218_     0_     2
dma	875	735	3	218	0	3	42455	02605c200000a5d7	02605c200000a5d7	000000a5d7_3_   218_     0_     3
dma	876	738	0	219	0	0	42466	026800000000a5e2	026800000000a5e2	000000a5e2_0_   219_     0_     0
dma	877	744	1	219	0	1	42497	0283c4000000a601	0283c4000000a601	000000a601_1_   219_     0_     1
dma	878	748	2	219	0	2	42501	0287e0200000a605	0287e0200000a605	000000a605_2_   219_     0_     2
dma	879	751	3	219	0	3	42505	028bfc400000a609	028bfc400000a609	000000a609_3_   219_     0_     3
dma	880	747	0	220	0	0	42499	02804c000000a603	02804c000000a603	000000a603_0_   220_     0_     0
dma	881	750	1	220	0	1	42503	028468200000a607	028468200000a607	000000a607_1_   220_     0_     1
dma	882	752	2	220	0	2	42513	028fc8000000a611	028fc8000000a611	000000a611_2_   220_     0_     2
dma	883	754	3	220	0	3	42515	028c50000000a613	028c50000000a613	000000a613_3_   220_     0_     3
dma	884	755	0	221	0	0	42519	02906c200000a617	02906c200000a617	000000a617_0_   221_     0_     0
dma	885	756	1	221	0	1	42523	029488400000a61b	029488400000a61b	000000a61b_1_   221_     0_     1
dma	886	758	2	221	0	2	42529	029bcc000000a621	029bcc000000a621	000000a621_2_   221_     0_     2
dma	887	759	3	221	0	3	42530	029810000000a622	029810000000a622	000000a622_3_   221_     0_     3
dma	888	761	0	222	0	0	42531	029854000000a623	029854000000a623	000000a623_0_   222_     0_     0
dma	889	763	1	222	0	1	42535	029c70200000a627	029c70200000a627	000000a627_1_   222_     0_     1
dma	890	767	2	222	0	2	42546	02a414000000a632	02a414000000a632	000000a632_2_   222_     0_     2
dma	891	775	3	222	0	3	42561	02b3d4000000a641	02b3d4000000a641	000000a641_3_   222_     0_     3
dma	892	779	0	223	0	0	42565	02b7f0200000a645	02b7f0200000a645	000000a645_0_   223_     0_     0
dma	893	776	1	223	0	1	42562	02b018000000a642	02b018000000a642	000000a642_1_   223_     0_     1
dma	894	780	2	223	0	2	42566	02b434200000a646	02b434200000a646	000000a646_2_   223_     0_     2
dma	895	778	3	223	0	3	42563	02b05c000000a643	02b05c000000a643	000000a643_3_   223_     0_     3
dma	896	782	0	224	0	0	42567	02b478200000a647	02b478200000a647	000000a647_0_   224_     0_     0
dma	897	783	1	224	0	1	42576	02bf94000000a650	02bf94000000a650	000000a650_1_   224_     0_     1
dma	898	785	2	224	0	2	42577	02bfd8000000a651	02bfd8000000a651	000000a651_2_   224_     0_     2
dma	899	790	3	224	0	3	42581	02c3f4200000a655	02c3f4200000a655	000000a655_3_   224_     0_     3
dma	900	788	0	225	0	0	42579	02bc60000000a653	02bc60000000a653	000000a653_0_   225_     0_     0
dma	901	793	1	225	0	1	42583	02c07c200000a657	02c07c200000a657	000000a657_1_   225_     0_     1
dma	902	796	2	225	0	2	42587	02c498400000a65b	02c498400000a65b	000000a65b_2_   225_     0_     2
dma	903	799	3	225	0	3	42594	02c820000000a662	02c820000000a662	000000a662_3_   225_     0_     3
dma	904	801	0	226	0	0	42598	02cc3c200000a666	02cc3c200000a666	000000a666_0_   226_     0_     0
dma	905	802	1	226	0	1	42608	02d79c000000a670	02d79c000000a670	000000a670_1_   226_     0_     1
dma	906	805	2	226	0	2	42611	02d468000000a673	02d468000000a673	000000a673_2_   226_     0_     2
dma	907	806	3	226	0	3	42615	02d884200000a677	02d884200000a677	000000a677_3_   226_     0_     3
dma	908	807	0	227	0	0	42619	02dca0400000a67b	02dca0400000a67b	000000a67b_0_   227_     0_     0
dma	909	809	1	227	0	1	42624	02e3a0000000a680	02e3a0000000a680	000000a680_1_   227_     0_     1
dma	910	813	2	227	0	2	42628	02e7bc200000a684	02e7bc200000a684	000000a684_2_   227_     0_     2
dma	911	811	3	227	0	3	42626	02e028000000a682	02e028000000a682	000000a682_3_   227_     0_     3
dma	912	815	0	228	0	0	42630	02e444200000a686	02e444200000a686	000000a686_0_   228_     0_     0
dma	913	812	1	228	0	1	42627	02e06c000000a683	02e06c000000a683	000000a683_1_   228_     0_     1
dma	914	816	2	228	0	2	42631	02e488200000a687	02e488200000a687	000000a687_2_   228_     0_     2
dma	915	820	3	228	0	3	42642	02ec2c000000a692	02ec2c000000a692	000000a692_3_   228_     0_     3
dma	916	827	0	229	0	0	42658	02f830000000a6a2	02f830000000a6a2	000000a6a2_0_   229_     0_     0
dma	917	829	1	229	0	1	42662	02fc4c200000a6a6	02fc4c200000a6a6	000000a6a6_1_   229_     0_     1
dma	918	828	2	229	0	2	42659	02f874000000a6a3	02f874000000a6a3	000000a6a3_2_   229_     0_     2
dma	919	830	3	229	0	3	42663	02fc90200000a6a7	02fc90200000a6a7	000000a6a7_3_   229_     0_     3
dma	920	831	0	230	0	0	42667	0300ac400000a6ab	0300ac400000a6ab	000000a6ab_0_   230_     0_     0
dma	921	832	1	230	0	1	42671	0304c8600000a6af	0304c8600000a6af	000000a6af_1_   230_     0_     1
dma	922	835	2	230	0	2	42673	0307f0000000a6b1	0307f0000000a6b1	000000a6b1_2_   230_     0_     2
dma	923	837	3	230	0	3	42674	030434000000a6b2	030434000000a6b2	000000a6b2_3_   230_     0_     3
dma	924	843	0	231	0	0	42690	031038000000a6c2	031038000000a6c2	000000a6c2_0_   231_     0_     0
dma	925	846	1	231	0	1	42694	031454200000a6c6	031454200000a6c6	000000a6c6_1_   231_     0_     1
dma	926	845	2	231	0	2	42691	03107c000000a6c3	03107c000000a6c3	000000a6c3_2_   231_     0_     2
dma	927	848	3	231	0	3	42695	031498200000a6c7	031498200000a6c7	000000a6c7_3_   231_     0_     3
dma	928	849	0	232	0	0	42699	0318b4400000a6cb	0318b4400000a6cb	000000a6cb_0_   232_     0_     0
dma	929	850	1	232	0	1	42703	031cd0600000a6cf	031cd0600000a6cf	000000a6cf_1_   232_     0_     1
dma	930	852	2	232	0	2	42704	031fb4000000a6d0	031fb4000000a6d0	000000a6d0_2_   232_     0_     2
dma	931	854	3	232	0	3	42705	031ff8000000a6d1	031ff8000000a6d1	000000a6d1_3_   232_     0_     3
dma	932	860	0	233	0	0	42709	032014200000a6d5	032014200000a6d5	000000a6d5_0_   233_     0_     0
dma	933	856	1	233	0	1	42706	031c3c000000a6d2	031c3c000000a6d2	000000a6d2_1_   233_     0_     1
dma	934	858	2	233	0	2	42707	031c80000000a6d3	031c80000000a6d3	000000a6d3_2_   233_     0_     2
dma	935	862	3	233	0	3	42711	03209c200000a6d7	03209c200000a6d7	000000a6d7_3_   233_     0_     3
dma	936	865	0	234	0	0	42721	032bfc000000a6e1	032bfc000000a6e1	000000a6e1_0_   234_     0_     0
dma	937	867	1	234	0	1	42722	032840000000a6e2	032840000000a6e2	000000a6e2_1_   234_     0_     1
dma	938	870	2	234	0	2	42738	033444000000a6f2	033444000000a6f2	000000a6f2_2_   234_     0_     2
dma	939	872	3	234	0	3	42742	033860200000a6f6	033860200000a6f6	000000a6f6_3_   234_     0_     3
dma	940	871	0	235	0	0	42739	033488000000a6f3	033488000000a6f3	000000a6f3_0_   235_     0_     0
dma	941	873	1	235	0	1	42743	0338a4200000a6f7	0338a4200000a6f7	000000a6f7_1_   235_     0_     1
dma	942	875	2	235	0	2	42753	034004000000a701	034004000000a701	000000a701_2_   235_     0_     2
dma	943	880	3	235	0	3	42757	034420200000a705	034420200000a705	000000a705_3_   235_     0_     3
dma	944	877	0	236	0	0	42754	034048000000a702	034048000000a702	000000a702_0_   236_     0_     0
dma	945	885	1	236	0	1	42769	034c08000000a711	034c08000000a711	000000a711_1_   236_     0_     1
dma	946	886	2	236	0	2	42770	034c4c000000a712	034c4c000000a712	000000a712_2_   236_     0_     2
dma	947	888	3	236	0	3	42771	034c90000000a713	034c90000000a713	000000a713_3_   236_     0_     3
dma	948	889	0	237	0	0	42784	035bc8000000a720	035bc8000000a720	000000a720_0_   237_     0_     0
dma	949	891	1	237	0	1	42785	03580c000000a721	03580c000000a721	000000a721_1_   237_     0_     1
dma	950	894	2	237	0	2	42787	035894000000a723	035894000000a723	000000a723_2_   237_     0_     2
dma	951	895	3	237	0	3	42791	035cb0200000a727	035cb0200000a727	000000a727_3_   237_     0_     3
dma	952	897	0	238	0	0	42801	036410000000a731	036410000000a731	000000a731_0_   238_     0_     0
dma	953	903	1	238	0	1	42805	03682c200000a735	03682c200000a735	000000a735_1_   238_     0_     1
dma	954	899	2	238	0	2	42802	036454000000a732	036454000000a732	000000a732_2_   238_     0_     2
dma	955	901	3	238	0	3	42803	036498000000a733	036498000000a733	000000a733_3_   238_     0_     3
dma	956	905	0	239	0	0	42807	0368b4200000a737	0368b4200000a737	000000a737_0_   239_     0_     0
dma	957	907	1	239	0	1	42811	036cd0400000a73b	036cd0400000a73b	000000a73b_1_   239_     0_     1
dma	958	909	2	239	0	2	42816	0373d0000000a740	0373d0000000a740	000000a740_2_   239_     0_     2
dma	959	910	3	239	0	3	42817	037014000000a741	037014000000a741	000000a741_3_   239_     0_     3
dma	960	911	0	240	0	0	42818	037058000000a742	037058000000a742	000000a742_0_   240_     0_     0
dma	961	914	1	240	0	1	42822	037474200000a746	037474200000a746	000000a746_1_   240_     0_     1
dma	962	916	2	240	0	2	42826	037890400000a74a	037890400000a74a	000000a74a_2_   240_     0_     2
dma	963	913	3	240	0	3	42819	03709c000000a743	03709c000000a743	000000a743_3_   240_     0_     3
dma	964	920	0	241	0	0	42833	037c18000000a751	037c18000000a751	000000a751_0_   241_     0_     0
dma	965	922	1	241	0	1	42835	037ca0000000a753	037ca0000000a753	000000a753_1_   241_     0_     1
dma	966	924	2	241	0	2	42839	0380bc200000a757	0380bc200000a757	000000a757_2_   241_     0_     2
dma	967	926	3	241	0	3	42849	03881c000000a761	03881c000000a761	000000a761_3_   241_     0_     3
dma	968	928	0	242	0	0	42850	038860000000a762	038860000000a762	000000a762_0_   242_     0_     0
dma	969	932	1	242	0	1	42854	038c7c200000a766	038c7c200000a766	000000a766_1_   242_     0_     1
dma	970	930	2	242	0	2	42851	0388a4000000a763	0388a4000000a763	000000a763_2_   242_     0_     2
dma	971	934	3	242	0	3	42855	038cc0200000a767	038cc0200000a767	000000a767_3_   242_     0_     3
dma	972	939	0	243	0	0	42866	039464000000a772	039464000000a772	000000a772_0_   243_     0_     0
dma	973	942	1	243	0	1	42870	039880200000a776	039880200000a776	000000a776_1_   243_     0_     1
dma	974	940	2	243	0	2	42867	0394a8000000a773	0394a8000000a773	000000a773_2_   243_     0_     2
dma	975	943	3	243	0	3	42871	0398c4200000a777	0398c4200000a777	000000a777_3_   243_     0_     3
dma	976	945	0	244	0	0	42881	03a024000000a781	03a024000000a781	000000a781_0_   244_     0_     0
dma	977	951	1	244	0	1	42885	03a440200000a785	03a440200000a785	000000a785_1_   244_     0_     1
dma	978	947	2	244	0	2	42882	03a068000000a782	03a068000000a782	000000a782_2_   244_     0_     2
dma	979	953	3	244	0	3	42886	03a484200000a786	03a484200000a786	000000a786_3_   244_     0_     3
dma	980	956	0	245	0	0	42890	03a8a0400000a78a	03a8a0400000a78a	000000a78a_0_   245_     0_     0
dma	981	949	1	245	0	1	42883	03a0ac000000a783	03a0ac000000a783	000000a783_1_   245_     0_     1
dma	982	954	2	245	0	2	42887	03a4c8200000a787	03a4c8200000a787	000000a787_2_   245_     0_     2
dma	983	957	3	245	0	3	42891	03a8e4400000a78b	03a8e4400000a78b	000000a78b_3_   245_     0_     3
dma	984	960	0	246	0	0	42897	03ac28000000a791	03ac28000000a791	000000a791_0_   246_     0_     0
dma	985	961	1	246	0	1	42898	03ac6c000000a792	03ac6c000000a792	000000a792_1_   246_     0_     1
dma	986	963	2	246	0	2	42899	03acb0000000a793	03acb0000000a793	000000a793_2_   246_     0_     2
dma	987	966	3	246	0	3	42914	03b870000000a7a2	03b870000000a7a2	000000a7a2_3_   246_     0_     3
dma	988	968	0	247	0	0	42915	03b8b4000000a7a3	03b8b4000000a7a3	000000a7a3_0_   247_     0_     0
dma	989	971	1	247	0	1	42919	03bcd0200000a7a7	03bcd0200000a7a7	000000a7a7_1_   247_     0_     1
dma	990	972	2	247	0	2	42923	03c0ec400000a7ab	03c0ec400000a7ab	000000a7ab_2_   247_     0_     2
dma	991	973	3	247	0	3	42927	03c508600000a7af	03c508600000a7af	000000a7af_3_   247_     0_     3
dma	992	976	0	248	0	0	42929	03c430000000a7b1	03c430000000a7b1	000000a7b1_0_   248_     0_     0
dma	993	978	1	248	0	1	42930	03c474000000a7b2	03c474000000a7b2	000000a7b2_1_   248_     0_     1
dma	994	983	2	248	0	2	42934	03c890200000a7b6	03c890200000a7b6	000000a7b6_2_   248_     0_     2
dma	995	985	3	248	0	3	42938	03ccac400000a7ba	03ccac400000a7ba	000000a7ba_3_   248_     0_     3
dma	996	980	0	249	0	0	42931	03c4b8000000a7b3	03c4b8000000a7b3	000000a7b3_0_   249_     0_     0
dma	997	984	1	249	0	1	42935	03c8d4200000a7b7	03c8d4200000a7b7	000000a7b7_1_   249_     0_     1
dma	998	986	2	249	0	2	42946	03d078000000a7c2	03d078000000a7c2	000000a7c2_2_   249_     0_     2
dma	999	991	3	249	0	3	42962	03dc7c000000a7d2	03dc7c000000a7d2	000000a7d2_3_   249_     0_     3
dma	1000	993	0	250	0	0	42963	03dcc0000000a7d3	03dcc0000000a7d3	000000a7d3_0_   250_     0_     0
dma	1001	997	1	250	0	1	42977	03e83c000000a7e1	03e83c000000a7e1	000000a7e1_1_   250_     0_     1
dma	1002	999	2	250	0	2	42979	03e8c4000000a7e3	03e8c4000000a7e3	000000a7e3_2_   250_     0_     2
dma	1003	1002	3	250	0	3	42993	03f440000000a7f1	03f440000000a7f1	000000a7f1_3_   250_     0_     3
dma	1004	1004	0	251	0	0	42994	03f484000000a7f2	03f484000000a7f2	000000a7f2_0_   251_     0_     0
dma	1005	1005	1	251	0	1	42995	03f4c8000000a7f3	03f4c8000000a7f3	000000a7f3_1_   251_     0_     1
dma	1006	1006	2	251	0	2	42999	03f8e4200000a7f7	03f8e4200000a7f7	000000a7f7_2_   251_     0_     2
dma	1007	1007	3	251	0	3	43003	03fd00400000a7fb	03fd00400000a7fb	000000a7fb_3_   251_     0_     3
